{"version":22,"hash":{"type":"Buffer","data":"XLgH9S1FFhroz4R4dXMoulh7BZjqmu64DDlv4h4L19r0PaExC/PF6hXtXeiVBPlreQ7MJe6SkoJCyvhy/g+jlD8Fms8zi2zs4wruc8hydgtzAxgc0HMlXEnquuQ0B5MPvKbkkFCnoGPSc1m2Ibj8546gKK3tOiD2wmLpIWLvUPQ="},"indexValueMap":{"Abl6TeOCTcHeJ90mSl6N3Z6aScuveVQ+5PCNq8rrvTE=":{"valueMac":{"type":"Buffer","data":"TuqGvwsbLGCBtCPj2JFJQOBLhmdSFJc8ZWzmdOvEbHc="}},"Aul8Z5866jn6Bhz+x77fzi0o/hL85jmw+mIxCrDql2M=":{"valueMac":{"type":"Buffer","data":"V/ie5s2wXCdmy85GlLJcYYrjeDUuS10UcC/zRR6D1uk="}},"A3MlosFJqAiQK2a/Tzk05jDtuZ6YOxZmsV4AJ4ldvRE=":{"valueMac":{"type":"Buffer","data":"mKvw3HIlrEmEzI6NOGK3AY/1YOEPneEaDn+mCl9r+rY="}},"A9w4gG4BsHKKo2zVjLc84dJrMuEhBjKxiv1Te2qzd7Q=":{"valueMac":{"type":"Buffer","data":"W1meeUidVopdYVmkjyhc5xRaO94JGppPbLMW4m7RHoc="}},"A/okRNrraT98/car+pr+nzIVgK3ocGa1e+IdViSxjX8=":{"valueMac":{"type":"Buffer","data":"lLtnqVEIEosAaW+T3QhZjBpIkgSF0SQcA9uoerpLiW0="}},"BIUREWKih+FaRd3zVqzPi0qX4LUzp1AIbDLkHrYYfFw=":{"valueMac":{"type":"Buffer","data":"+gtghI90Wq5gu3UYrdU25P7MC9FH9c9Nvuvzp4Z94NQ="}},"BKkwiEotXQH9jVlxB+FPmrmfJbLqb+4+27jW2+rJ6Nw=":{"valueMac":{"type":"Buffer","data":"GqQaIojf5eWd4ksg6pxJfGSNNiX6MHUxPXH50O6z8ys="}},"BNaJHnc9D3EwqcrSfyq9BJutcSsKk0kq16Okl1zU390=":{"valueMac":{"type":"Buffer","data":"4U4wXg82MRp4jaeMKASLeqokjJIbfXyjNpD7Ngqr814="}},"BNshbxrSB47fuZcoQ27TlscthrHsRTOSR5XJirxyZpA=":{"valueMac":{"type":"Buffer","data":"ZNCVcW6iHK8e2UHuD2ITvRD1ksEt9v+0/uymwwfnTsg="}},"BPnVN8nyTvoiQOhoXBemqmfKNr3AURjSBOTE+ynveJE=":{"valueMac":{"type":"Buffer","data":"P7/ES6L7Y1AWF6rJ5yDdNrWvfWVElvFrmRm/0S2Snuw="}},"BVBb7QljdA2qWskvx3VTU0Gi3BKyEK0skC5jAmS/wk8=":{"valueMac":{"type":"Buffer","data":"yqUbq4XtSjYKlg11uuoyQyGh22DNpIYYUmkgbqDOBH4="}},"BYl4I2E0vWcKINyWs+3Y8sgnGMsKk+rhgMkekFpwF0g=":{"valueMac":{"type":"Buffer","data":"85nhd19fkvEGVbmwmLzsukDhdbfX3gEh3o6nI4HSLNQ="}},"BZ8rigqvKkGwFvwNrJKbkpbzBJD7LHmVDLR5rBknIyY=":{"valueMac":{"type":"Buffer","data":"pVSm9jG5veMYhM0a2+GBqwpnuA2O1gGlmmj/balRLYg="}},"Bdx6ddlGeWKcfOkDZ3FvkBcNikDnJHVFC4vvlRvN3gU=":{"valueMac":{"type":"Buffer","data":"FTYQ5hOoBr3oN1crfdvcfGT6f84Ap+JWVmOpvBvGD6A="}},"B63NWhpzMbS/0rZhTzIAKc+4PeCgLNmvpKOkfCGtjhA=":{"valueMac":{"type":"Buffer","data":"5rtx0xd3dXjkFtLUw6V92e+cyEKNihuw+YJcbUD6898="}},"B+dMvfQ6lztws+BiWF/INLaGVz3zblxfeuzYIVg0XDo=":{"valueMac":{"type":"Buffer","data":"J214uQAdopXKFjoBRjX7INo4tk3CnVQkI7t6Lx/gXcQ="}},"CMDMZEsb9QglK4FiDcggM4EKMkbwABMqDcUEsOHgEm8=":{"valueMac":{"type":"Buffer","data":"fUJOjxVeNCxo7rYrC/ULCsvtDo+Z1tSxwUx/qNuumc8="}},"CQOXS/Vd3hsynIv8pmUmffcvY0p1jIAOXL+oThHGl28=":{"valueMac":{"type":"Buffer","data":"HZBlrFo6mfNigneLIcl5Vfnd36Bf6eNV2hXavKo/a1s="}},"CdyNz+hmwTtYW8o2s2s8UUFJn1TNUCoue4DLww87vTc=":{"valueMac":{"type":"Buffer","data":"oS3CxrQ6uAlHXNRZ6o4foVb0kjgQ9R+PLuAiy6tzS4k="}},"Ckd1HN6chBaLGmfmdaYdKtjxC1dK0bknUEHfXD2U8QQ=":{"valueMac":{"type":"Buffer","data":"xvKHxZ165wiB99bEiN44szTTqH3/NO/jfT7TwfXE2zA="}},"Clu4BGUO8ilDhDUNK9lm0BNvM+/uh4UE36i+UCjeNI0=":{"valueMac":{"type":"Buffer","data":"dorGj8Qs+tbH9Lb+KO8NiJfepYdWRMfuhTi7m4GDirA="}},"CtB17HyKk7f4nlR7ACpmpCjdwY/mT9nUTKOQYob0q5Q=":{"valueMac":{"type":"Buffer","data":"1iirKJ3hMX68izbIYq1Pxf5pzcx0a0vB2G4SFlvb8ZA="}},"C46XLZiNJAbNaFzt48qLhMrGuG6rs6RybPQ26egi7DU=":{"valueMac":{"type":"Buffer","data":"5fdLi5N36r2VLt5G6JG5c4KIKH9GtyVr9e7+UgsUh04="}},"DEJfPvVtIPDQ+2QRSWICOOBwiwQGBT8LKe8ep20GiEI=":{"valueMac":{"type":"Buffer","data":"V6yTdwKwdw+efm29O0Nf6UdG1hy0Xp+NvZpYbl+oAUE="}},"DFyFHYF0B2pGpAZoneAA0/HmIJgRgbxajDXSyanQXI8=":{"valueMac":{"type":"Buffer","data":"2tiwXgcxmennDb9gUxNL9R+Yvlj8VCD1nLnhN4UOJMM="}},"DJ/bf7iMm2Drs2gAZzQDgFQZ0H6upH0zb8lNQIhd+pg=":{"valueMac":{"type":"Buffer","data":"mIf2mYMqaQeUDSuDs/WTAOaaEpI4w3HuGOMJGEEtOyg="}},"DiMDrCh6+OpKpK+q2dWBjmjy9kCs+d9BrVoImVhZaos=":{"valueMac":{"type":"Buffer","data":"pcKK2udyY4qW+LMYEZnF8tw72YKwD54hTlLeDKbEAoY="}},"DnUC//lQdxZ9x41OB15FtofvAFh6shVw5kRSmLpkC5k=":{"valueMac":{"type":"Buffer","data":"y1jH6zxAYbDAvW2aeoIj3SwAilmGLv9keRUBxz3sUEI="}},"DtFbtfKhmwFQeQzJU7p/q4mPp0cZdmqnvuBZwbEuoBc=":{"valueMac":{"type":"Buffer","data":"UMdl+XbegcI7CLGDRERMwwCya4YP5AJwZvQ4jx46o5g="}},"DzYxAKlHvINwEORL21q9xnet0XDuYCBJ6v4tbrApOmc=":{"valueMac":{"type":"Buffer","data":"3qRDh6jrDbC7gxcAff/piQzqiffH4zC/eSjnB8vODjI="}},"D5xhKwughKRTEKLuqr7hVd9gv8X0Ta6FRLMSPvqyNws=":{"valueMac":{"type":"Buffer","data":"uwncbv6sNmx5fXJF93E5YRlba7FktT6R9dTI6WTt7gE="}},"EAef3zXusIFVvxSfOc1KfKM0vzQZ9IyO2lEnQ+MSvpM=":{"valueMac":{"type":"Buffer","data":"5NndminTM1mK79SyDxGp2Y6EgkUlkFdeNQm6EBU1toM="}},"EFIasHtUamFUYZIeSalxAlMTcN9CicP7L9vq0tjbXsY=":{"valueMac":{"type":"Buffer","data":"mgADAeAt5rNoWfqSUtD8yHcLxh1SAKz61nFh1MJZMDE="}},"EMtFBH5wK2nmUPbcyFZRCko0FIPp8PZ4BdVSTrTiAeA=":{"valueMac":{"type":"Buffer","data":"B+IPqQkZHGUqjvQkJVY1I841uXTO5J0vfx3FDVU4MPM="}},"EXgFmJSpvVgcKehyVdYr0GqlizRVghQeXn26SG8omk0=":{"valueMac":{"type":"Buffer","data":"iHD9wTtFTi23/XiCcnUHdoCGnLGMcJDaem/F6KmHW2E="}},"EjqDB8e96MQP6MBX46pM4KXJniGxjentO0wkqLZg1mY=":{"valueMac":{"type":"Buffer","data":"9qinzKYUWslVRfLMFUUCDylyxZXLbx3YHRf86JrPtkI="}},"ElspUEDdSckfZXq7amuOSp0XapzRsOmXOXDYcacgqkY=":{"valueMac":{"type":"Buffer","data":"k8h42Pw7xAAOfbJREnUgq5jb59yIw9fOt4Q/yeitAL4="}},"Embc6+Jso362M5AKuzSrt10FxdNFvTueN7cJ/QQBXMk=":{"valueMac":{"type":"Buffer","data":"35WXzHqMhDApiR4qHpBLxJwNfTX3xxpS70xNds+qnDA="}},"Eo7UxDyRsR/LEYAcM6rlYzvKUWY8yEHhvykbcLBBas0=":{"valueMac":{"type":"Buffer","data":"EyM+eUUl2Gq1SYFGNS+/30t0TKmPi1z8M11a3HlWd7o="}},"Eui6cnxS4K5xX6KF3QYjX+eEMYZ+5qYWba3aUyyBs2U=":{"valueMac":{"type":"Buffer","data":"omrQ6LCDbrN3TdjFT8kr5W+38YaUXm8MXmEixKrVYCQ="}},"E3QeuwtNSGhwI9Jgy+2ZqPDeW8j0RXVMRoyALYYtTKY=":{"valueMac":{"type":"Buffer","data":"5q441QK58e/9CaW67/YiNiyxtIy6E7EKwNCLXuimWN0="}},"E420x1A3Patbenp3B4+UGj1xpGfEETdSwXoI2KBtsAI=":{"valueMac":{"type":"Buffer","data":"Q1C9Cc5s2IXH2JxUCLgo60G9rI5WbAfviHiB6CQ2/FI="}},"E6/fUXvq00stMoefF4rYFlOTFDkuX64MFyrZPatsBBE=":{"valueMac":{"type":"Buffer","data":"/biXCGfDNFFNM4dY9f7ZzZlT028dTVln4ynJFajlCzI="}},"FAzrjipoDG0aG9I7XKvZHvjDWL96Np3LJpDqG+5GHNk=":{"valueMac":{"type":"Buffer","data":"UDr8g7YKadVaO/5RyTI3UyyjKpPkEj5b+4AaOg88BIA="}},"FNAKhnDWxss2B458tI6YRVovxPr6uHwJeWQkcEs8Cic=":{"valueMac":{"type":"Buffer","data":"xbl1dzgmh4x6tkA0fWLFhhWgJlvjyb9ygAth/A7VrxE="}},"Fas6zCt7z4rBTC4yCfigMrj5If3Fj2Y3ffsuh/Vlelo=":{"valueMac":{"type":"Buffer","data":"0IPTqtudPRw2sdUVxcNrDKmmFDFjLrS6Nxu53tzpRew="}},"Fb7GXkjhgNVCfOyuul1pIAotWIcSCaGYVOqDhlttgco=":{"valueMac":{"type":"Buffer","data":"1LFjwvsWgE/24kx6SEcZHSsz73BXqihm2o8T50TVxro="}},"FiH/L2DBLykjuHfUaqPvPNy6aN+sWJqnRaU6KgvLrCM=":{"valueMac":{"type":"Buffer","data":"neCGZadQV3SmeFeP1OdYwU54dHGRJ9jxKSPlY70J+Aw="}},"Fkp8QJYCUsrYyxj8h5Vytwav/nDIda2MfcaP1Pp+UgA=":{"valueMac":{"type":"Buffer","data":"VV8RuNd52yab7O4D2EOfthMmK+ik8MNOt4SS2CfAewk="}},"Fr2wPtl+h46BNcvJwn4CtpXlCQ2Mrt5FO/zq20w6EhE=":{"valueMac":{"type":"Buffer","data":"RorAQzA0TU5qmfymC+g9LjrNcqb2eLYwEm18QRndhQQ="}},"F2bRHAckgPdXz4s0RqJ8ijR0ZQaVULM9E7aN67faDN8=":{"valueMac":{"type":"Buffer","data":"20QuWdcm5JOzfYvRP4mbVBnPpVAjvOKip77hZmqsxDk="}},"F5XEeWh0P1aS342V9XQEaCptnJGp8CZG80QpPYPDILM=":{"valueMac":{"type":"Buffer","data":"8dLF54F7oSYlHaOGPES8DKXWnkz1zenBwWKbB1IWIyc="}},"GLqtXPqPAO5dsHuoG1uC2c/fNfqy9dZjre6Ly7fW1rY=":{"valueMac":{"type":"Buffer","data":"qGoZjfDmjvRBe/Dxa0A+DDX6lv2XQJNOaggT/He7tgc="}},"GaBClQ/WazEvGqzqFETUZdeH1ektdtDGnOBeZk/1jx0=":{"valueMac":{"type":"Buffer","data":"Ja27+3+aSFS9P+lbGLPljXPJ/TC594Jym9gMXcA+eD0="}},"Gio+k0llGyQY5jpQW9vVEw4L2c4+NYa52Ipye83YRTU=":{"valueMac":{"type":"Buffer","data":"uTsSvAJYqiYRHMy6zktd1SpoR9JJKU3CBGwbrmc/+OQ="}},"GmaXZT2tKgN9R2godgMG09urehYUpMz8CAp+lDdXK8U=":{"valueMac":{"type":"Buffer","data":"f32pKim503WvWokl/Yah5tMguceaIhUBSEMLANO+QbY="}},"Gm0LapMu99ErRGEFzrPC8483fELuJdGXCSa1EVupgRo=":{"valueMac":{"type":"Buffer","data":"/18Oi8uPkXNojPsSPlzL4J6WkH7TnDl58DsnI4DTghw="}},"Grwzp6z2VgtYbxbalmYTe37p6luiUlyJph0SG5b6yjY=":{"valueMac":{"type":"Buffer","data":"0qJ0WI4iZqt6XMooalY+MRSo8b/mCsjTIdYnGcssmhU="}},"Gynlzv2GInfkjHOHoZx8SVhzfTZzYD2OFb9ZojR+aF4=":{"valueMac":{"type":"Buffer","data":"zzWjvlF1DLfn6/CZTM1o1Xj9ZNf8o1IJU5KZ95eRlI4="}},"G1OEIIDfepwf0apSvbUpWluaMllVlK1fi3Y3+xot9Oc=":{"valueMac":{"type":"Buffer","data":"2eNRbarfY5E9uVDCGul7jtIrq8SQFSX0Jzmby0NU+NA="}},"G1XNaF5fH/BzWsHkDTnVWB8ho9wMIAO3DPBKWoNCg/E=":{"valueMac":{"type":"Buffer","data":"JUOBCOQL3BCVlNQ8+2T5I8sy0X+ImD5oQ2Uu4QLMKmo="}},"G6ucPFk/etSthFqeSly98L3YJ2mAPds0KfCagYCgIKM=":{"valueMac":{"type":"Buffer","data":"EGJ8NnWr0w0qDdkPjxwo4PKzjBXKn4tcSP746kvvZ7g="}},"HBepduVa+H6wlKEKDRdaEXIQ2lkRZHJ+PHtSTJEZZ/g=":{"valueMac":{"type":"Buffer","data":"xsA77ihdGhjY9XkHV0RIWse4HQgIDiE+6F8O79XAIIY="}},"HTu/HJQreTrL6ILbwSkuiaL9JH37pPkoSF74c9rMb1U=":{"valueMac":{"type":"Buffer","data":"aLC4J/PofKqhWEJ0YCnCRMvqgd9AXV4djzjITSVsmo4="}},"HfQvIPzkTov9H1jw2EvK1n1snIvZMpHoOYgIx81iwYc=":{"valueMac":{"type":"Buffer","data":"wvLO9sLoEtEyfCHW5qHFz2zfrdeMRkuDiZNA5QNh/Y4="}},"HkTwixre4TcRoamRiLesq+lvSKWf/1XJFgh24UBJaMs=":{"valueMac":{"type":"Buffer","data":"4kSMC0IfjfkW6JSa0DEh9YUcJ2a5+vAlUCXXNTlGFF0="}},"HkzeR811UquDBxvLrfBhbLvFVMtCdoPXeWXVZD9Jw5s=":{"valueMac":{"type":"Buffer","data":"Nx0WdkKmncAdU6tcbN8Wg6zwm3PyopIuKj+1nX0qQl8="}},"HywCqv5ea0iCQFucgXUuj+4Ms0BdrOKSmFOGXVL+KcE=":{"valueMac":{"type":"Buffer","data":"2wYsRVSn1Tea0wPO4mQT+yyJPwzoOroubYwz+SXN8Ec="}},"H37TJRx0tyTdDmHjhCt/8Dcum7t1IYzbCuIHcs7educ=":{"valueMac":{"type":"Buffer","data":"SUp7hyZINW6Nu/kEDkHRoz1eR0ZLlDJfBoTusQKt0tY="}},"H5+cmt9XCqyYoke4LZUJUo8QmEiIKbo1+KTEFNnnR5o=":{"valueMac":{"type":"Buffer","data":"dwc5skfLI7RC5CdX9IgUVvqJJBdCkqHUQoh1EmUCAhQ="}},"H7IuemQnTibOcVJIjS4lpqcShjXJ6svjDNKaotJlDfQ=":{"valueMac":{"type":"Buffer","data":"woWjlK1KDNaSFkSyIec54fM+awL7MUTA7C4a2PqBPBI="}},"IITKlr6O0FlfUFaxirP0j1L1ATurImqy8YNu6wHM6rQ=":{"valueMac":{"type":"Buffer","data":"AX47YX2ifN6HRVRxEZHRL9M0NIvBp7gjP4KYTjOJHtQ="}},"IWH6DNTPQe193Eqc9GD1kawbUUPM+Onp4XzZLq2ggvI=":{"valueMac":{"type":"Buffer","data":"SeOSPHesp0efI6l7vB3Uph66eNVQCDmZaMNIsID+XLU="}},"IexQo1QyRZBAZ+aH03VsPGqhPPgMelDjx1jvGKHv6ns=":{"valueMac":{"type":"Buffer","data":"9+g09o06LQr+T1PzTr7S1u26yiPHUhRKwg78D8GXs+o="}},"Ihv2gO25i4UZ+ufVsc7EkU+bhk4vMi60jfIWG028+08=":{"valueMac":{"type":"Buffer","data":"eyeYMNsVBMhoTZBLnA0D2SThd/G+Q2vxK3bjH1dMxdE="}},"Ik2F8b0x5EOdLu3EEjAjmUlMIt/eNvOTnrAFa6eRDK4=":{"valueMac":{"type":"Buffer","data":"BRSl111dfnOUNxMUi+XeFvVURmemJfAPJ9mPLztjWz4="}},"Iqx2Lm8hp/zAhspIU//mLEOeb+5rDZHq8bLrvWYrDPo=":{"valueMac":{"type":"Buffer","data":"K82+6uhOuqvOZhk11OfZWAzTuPFuI2FgU7SIF+MjKl8="}},"IrttM+e0BdeTbTfxCTp/Ckl2sz0R0lcn8VP/jCypa2E=":{"valueMac":{"type":"Buffer","data":"qAEMHf85DKX4kvfx+VK72TYvKRdZX/Aal5iKnUvZLU4="}},"It8oTeV6ujrpWG+FYRibLlLMeuErsIkS74u7C4ghMKU=":{"valueMac":{"type":"Buffer","data":"DaziLIAwUp+pwmlOsQoi6FB1VFVOyKGsmQZ3R2693C0="}},"IudlQqNYUZtSt6ECG6ie0XWLRVOkO50IBx5THgxx/v4=":{"valueMac":{"type":"Buffer","data":"tjvUTvoxVuERO2c22sIajt8/ncd4BROjOmdQqPUL8+4="}},"JXoBjHvGMGfGntD5/UT2j2AaBOjvpsQ1hMx4fLarLIE=":{"valueMac":{"type":"Buffer","data":"1Nl1T0iYUq7uTmcy3AJRvfpoebI9T60ey+KAK8rEtKM="}},"JYOFE3xXTB9QOp/svXFiT4u1UqPj9uXNszA6BClJ4Hk=":{"valueMac":{"type":"Buffer","data":"nplJE1eEE6WnRUZ2f4EvFL4aERpgaYaS/crX4fElimc="}},"Jdcf4Wr5zF93nMagt0QQ3KD1s8JqsQrVFkT8zvw6TT8=":{"valueMac":{"type":"Buffer","data":"wa1QI41wWAqqoFIbWerUNTvRrL7UwAV6j5ut15KX0eI="}},"JfJlGtvpGu72BIcl8hoE7GrhNzp14ABl3utowqyAwvc=":{"valueMac":{"type":"Buffer","data":"kU4PXnmW8IB2HgQ9UxMOX1Qr2yGLMBKUiEsU68gs9/4="}},"JqmLqtT2KTeL3qKCPpnPWK0KKntWdXvdCNs0vTeHZsw=":{"valueMac":{"type":"Buffer","data":"ymQMPjM/c9SRP8YIQKJ8gee+1R5mr8YmKSsrRRVj/rQ="}},"J97LwBoNh+0+eGYnwaDD6UthA9subd5WkgQsxurruB8=":{"valueMac":{"type":"Buffer","data":"GsoEQExxJnupl+8tljEeb/znaP87+t1lAOuE4CM4eDk="}},"KTFzTPawP08hIMOfx777yZMQaNWzwXfHGtHxrBrigOs=":{"valueMac":{"type":"Buffer","data":"W6+rE+nwARKENam6XC7oVFPWTgzR5NrZjcuDM5FhJPw="}},"KZbzGUkWiNtkZdZTpUMT9cR2l7KckmUAiT+txRpNPn4=":{"valueMac":{"type":"Buffer","data":"e1LqtzghawJJMs94fsBzFNkSJK8AEC7D9SzVrbNgYHc="}},"KjS5hiH4zNKowmgIT43xroE+2JfHGcCfHjhEw2kJPvg=":{"valueMac":{"type":"Buffer","data":"0uBwnOYNaVJve1jUOoYzn/eceJe7rKrjE6EnlvLMwFI="}},"KuSO1Hbcoo6Pt357aes/MIrs3N0L9vJUHbRP3nZfWAw=":{"valueMac":{"type":"Buffer","data":"8lIoRdmwHr3eXgN/KERkQKjwBebKVqThB4D3O2O99wk="}},"Kuqptg7c8qOjfFqFgwuKhYHbQ3HDITkXFOkgaNRqYko=":{"valueMac":{"type":"Buffer","data":"ni5R1XqkDvAX4gcD0XQC5DbW2tOVh227wT3Q1CU1xa4="}},"KvJ4jXR45KzaHMVZkac9KlqKDStjZUphm5X0hIA+Cpo=":{"valueMac":{"type":"Buffer","data":"Jk20tcyWtC3zuZHkd1I/o4QH0/nf3hhT2TM9N9+UxTc="}},"LDux3C+cY8Sy57F0HbRBbYaUKKJKp3Cj29FhWfVte6g=":{"valueMac":{"type":"Buffer","data":"cjG5ToujNi4PxZrfMpVmyN3+LNviv0jYGaI+MddrBuw="}},"LFg9s3ovt/7bn6IMmjr7C9EOwtpY4WURkKrqa6A2YAo=":{"valueMac":{"type":"Buffer","data":"A6dhhHKNIQVx8SCp2JgY77RFGYo34Ji1aOetZVr1xyU="}},"LPO+utYcUmOiXffDtZ7UHHUGBQiwyeU1LBrfkLfNmdg=":{"valueMac":{"type":"Buffer","data":"5M9xwrfEyrXOYUG3cF888HnIrfK4/+xSZ+RJCM423CQ="}},"Le5oaI83cGMrxy6iH220Jr3FqD7h4kTaISKVGGw/59w=":{"valueMac":{"type":"Buffer","data":"ol3NERJukNDOem7jUpCn3I/yM4W4nAe8s/oiEi51hqQ="}},"Lo9FwJYogcXErZia1cDUumoZvSv9C71EuMjTnn0IXaY=":{"valueMac":{"type":"Buffer","data":"xyImyYJJs3Sq+V9thnCyo3TfRkw3DThWG12zwMxEITY="}},"LpCvCMYeSBuEz+3KyIsgCK8agvVc9pyArICLTREoyg8=":{"valueMac":{"type":"Buffer","data":"4Bm87w/Pad1i7fyt0ruR55QSq3iSiPXoSqTHm7r7G/I="}},"Lqw+lxigvbZCaSgxTDOPZvlj0NY9WnurtVDZX0AmY0w=":{"valueMac":{"type":"Buffer","data":"wddSQ8gPM3RvI+oFHJNDURRYL2v0Z4kXsdknAeet2G4="}},"Lr4EEfD2VckLC8hRNxd7NYARs8QQsDUMcjpwiLyLPbY=":{"valueMac":{"type":"Buffer","data":"HrrNazdJlGJM3GnePObhiEC8aVqJifLWkekf+uG1iAc="}},"LskQSlNdgF5dBVQoFfHOtPyOGOTwQ2G1dcl8GEoTtkg=":{"valueMac":{"type":"Buffer","data":"F4fODeB6GK4vTsILDOoiChXAR0UzGizXislWV0LZhKw="}},"LveREIBzlFzv000b3tFgkedkg4CAnh2jegTTFFqEnlk=":{"valueMac":{"type":"Buffer","data":"OO8IPrRvz2pymLa2xduuKs32Dty3KLfltEDSZ/VceL8="}},"L1lgNmp7kiCL5OWuXTbtt2OB1KWMMZkBovpxtvkeKBw=":{"valueMac":{"type":"Buffer","data":"6dSEHVn8l5JRzUwQcEZdroUQ+t2HulsCqV3R/6PedgU="}},"MAqESMbp+SWcU+xlh7SHqpyMmZxHyT9xwyhf21dJfAw=":{"valueMac":{"type":"Buffer","data":"o9pWgT5ANcB8cb+Ij1Mdmogr1zstqzoWri6h5nX7xxY="}},"MFUrCvCfyPWhBFHVALnsvnVeXSKw1CjiddmOBAUzUcE=":{"valueMac":{"type":"Buffer","data":"WVUxo53lpt4VW5D0kFwZ7oE1KdOo2+01ou4Kg0PjmfM="}},"Mm81UIOgvIHQmWZiHolSYbTcnJhxd6vfFiv9xzGjvb0=":{"valueMac":{"type":"Buffer","data":"u07Rcn359GlRfnttmO3bJTu8l5WDPwbVsSnBtVQA7WY="}},"MnLue4v9PvGpNPA5DMlm0faBkCfPjIuXQy/3IpyBzHc=":{"valueMac":{"type":"Buffer","data":"J2RWEBXg75JkuqW0C5SAOkunqgDtU92ujUQw51KwMVE="}},"MnS3G9Yx05zk5HOEf/5hGNyWb1aORinaf7mMVxsO4ZM=":{"valueMac":{"type":"Buffer","data":"zdWFw0/B1lbP5m1mis5o7e8xIufsH1Ok+hSG6bzWHRQ="}},"MwcLv3idTz/3rRPT5LuC2l3Zjrd4pFSN+OJya99mVA0=":{"valueMac":{"type":"Buffer","data":"e6Ko6M/jmSGANY4XN+i37tiamT9Ib/dWSizZjZbwGYw="}},"MxBNqu6V2FglpHH44fiG4tuZ+02Nt0bfBoNSa6W/sLI=":{"valueMac":{"type":"Buffer","data":"TkiCfMnFqBmulgSX9Vc9cnJPQC5l8FIx1SJ/ZI7nT9o="}},"M6MmVGIQzjwECJLl0x8NUDMKO+eLbS95CY7SH5N70Y0=":{"valueMac":{"type":"Buffer","data":"1zzHszUk56Jn+/9tHO96zP1/HkuJRHsJ7aMApgfVvGg="}},"M/lTB8Nlf7pgSDKm14ePk3w0usDxtHsCRbTFKRHrRrY=":{"valueMac":{"type":"Buffer","data":"QYSq7Rbx3aiYKvJQVshu9KVjULdTXmslm4PQbtFQYzA="}},"NDuyDxoWUrVdHmypnQn6JITvY67lz1MH29LT8jhSB8g=":{"valueMac":{"type":"Buffer","data":"RDdZsQJRbysOtnYAMat0tsmNFjaijOO93IiBhRRqI2E="}},"NJfRXyOspra4QNHtyuVdw/+awJtyOyNQS7S0i+qF70s=":{"valueMac":{"type":"Buffer","data":"Y96rc+i/boFuNCs416gZu61+9H03rXWDBw4AFQRKdfc="}},"NLeOZxmuP2ZM21t4atz55pD1rl5ywVQvcsj5IBXYeZo=":{"valueMac":{"type":"Buffer","data":"HMAQBrOIocvC7KpgbimOj88qyzxYKVcje5pPFFo5kEA="}},"NUHXwPwMqQ0zPLGsYh/9FdF4vHhamVkP3GGrFhISPEI=":{"valueMac":{"type":"Buffer","data":"LddAbyWiYpwxD4mo0KLFIXW9dpnbyqsQ7lB1Z7e0MEM="}},"Ni1FGXe5eBU1bhbsVgS2iYyJQF/IOjGfqZFiCjdXyH0=":{"valueMac":{"type":"Buffer","data":"yjXDTcShQGZuiMcl409zV6ZPqPlOQk6hWOMBZfgriTw="}},"No2ES/KbGKlcyjZzOwFmK0bubSVJZFe3+uFr3Eb9LZQ=":{"valueMac":{"type":"Buffer","data":"vwxcso/u4CzNhtSbRskrT4jxKteAjSXWYI/PhjII1zY="}},"NwTyvxMLTtEC76eFpUmTFHFgRex4xSPBWWKzwpzrWFA=":{"valueMac":{"type":"Buffer","data":"hVI+LOFPfk5YkyxTRhCDt4NWHr034PYB5h9SvrExADg="}},"OBy15M3odtZr2yO8bktlGaGQUMiLLvDixBaTLRR6GwY=":{"valueMac":{"type":"Buffer","data":"R0yOJtuelUAyfGTiiYbXtvCIqbUP7RNFihgQZJr6crA="}},"OXgCwRe3iqSE3JylYCnz5OMtP++A76CKG3cbqzqHYA4=":{"valueMac":{"type":"Buffer","data":"9splWEfE0OtDT8Uu573G+CC80N/6xa4Unb56kUsaBlc="}},"ObNYdQvbXBsxUveQ6kBYfXX12nffz6stXVrTX4INRTQ=":{"valueMac":{"type":"Buffer","data":"qPalvMml8ECJCDoAJpzduRO40/SI0Q44jAlGkw4B+68="}},"Odud6Szyjsuo/ESokhnChm280WKVxivlrraIxfS+4AE=":{"valueMac":{"type":"Buffer","data":"W1XVDgz0BUHChI7utOu90OJ/VGjmLzVF64nISZ1738U="}},"OelLtCkUW9byChEyOQm1jGcajT3q3J3Dv3bOTDXTD6A=":{"valueMac":{"type":"Buffer","data":"GWW3fJDpTd92J0L/Wupqulb6CntHPblFfiiV9NyCLS0="}},"Ofh4LCD0DaDT/fnVXRqBj9m+Ap/F/pYpTs8NoAs55B4=":{"valueMac":{"type":"Buffer","data":"qT+DUx4f+WWvZnoyxTK51qbe70UYXQNSthmRZLaU3kA="}},"OioYPMTmvnrtrlZctXgMXGkaiw7GbvtaxN9b1fMVG5Y=":{"valueMac":{"type":"Buffer","data":"aPfOn6DFvYZwpjlKk3w9JQmTYf6mdg9bdoMYqgEq0ZE="}},"O5VlANilFDEzkaASJwVTbm7NO4w25HeKXMor28HgjVM=":{"valueMac":{"type":"Buffer","data":"/Pa5oJAfIlV+DHjmD5dCHZOk07c8n0DBXm/xU9IiTJk="}},"O72WHd6ry3fOQSpyG2t1VNFy4HVr15crUUdC+llCKu4=":{"valueMac":{"type":"Buffer","data":"wEc+5RC2R2ONWUJLGLRofbAaLEGqkrHE1SHsreuw5XA="}},"PPynCBcKo4Drwt5zyMsF5lX7KgSpY2Qm2nAKOjQ/d1E=":{"valueMac":{"type":"Buffer","data":"hfp4QcPvWxq6uGNuYwwMcx7vJXTYDolRdw81oPz2078="}},"PT+mWk0wC7mUp2htxRIwVQpwrEvf35BeKvbgple6gRY=":{"valueMac":{"type":"Buffer","data":"V15wDJstfXIFgbbLEJQdcBja/qT96q6ROWuwNOzMjsI="}},"PXQ5LddXcLeSJuPKbZ9GwiSAYM/M7Cy9TSZ55PsRaBU=":{"valueMac":{"type":"Buffer","data":"Xouv3VSuOy6gnbRTJWtUxU8SBz5AV4BykWko59qHS+o="}},"Ph5pIKUm9t294JNXsnSi88WzJ67VcizGlZMH0cbKw0Q=":{"valueMac":{"type":"Buffer","data":"3oZwMuJDWzQ/Efs9o9eHHV+W/wDUJnvYIagXNx+ZgjM="}},"PsiX8MkDwYhq3x4cTuevlJ7s07gvvMeaDAxFsqxeZBg=":{"valueMac":{"type":"Buffer","data":"wHHDsDKcbVDj5BS1MThtzLqiVHbEWxDx3aIDbso4kzs="}},"P2dnj4IeejJ7+vYaFzaFXeF4ZqktQSaeEojcMIdNkLE=":{"valueMac":{"type":"Buffer","data":"dtdU0esVJ6LW6iw9upDmq7s+PTCc34hmlDniO5D16Vk="}},"P8yMRc9g4AGa9rsMTfdzGv0I1+LD3s8sK7Nz5OYwGAM=":{"valueMac":{"type":"Buffer","data":"IoCD1Qb4NeaqkGshNArDKHGtbiA+KwiDq85ixdCVR/c="}},"QPnNNRpWEmTHX+jm4C4syC+x4P44crlBB+PsJQHr8Yg=":{"valueMac":{"type":"Buffer","data":"YryQcakFt0N2kFftgeMkOTSDHBmRBfDmMpynttwOzIM="}},"QQFtkToie48XuWCF6o95vUO+7NSOkqR/R+c7Z+DMO+8=":{"valueMac":{"type":"Buffer","data":"yqeourjIoisJYCTUbkFM+qtREt8ivTul2q8yJb3jdU8="}},"Qanq8oJrSSwzf5UzvSGYTl0JFfF0n03E4LvV4VuyLPw=":{"valueMac":{"type":"Buffer","data":"NxbVn6turLmxL6F2rJpakBX6nP9zdsoc2zi7k2kXOQ4="}},"QhMz8BcNsY22/HcbdYBQYLSiZGn31i5/HyNzhUk/kdM=":{"valueMac":{"type":"Buffer","data":"HSnLI8ThlS65cu315M1u3PN6jxFvJxtUwghOAxQzEgw="}},"QkhLSytE+v6REGtdULRkLm8Uzw02Zxcmjeyqc5i8cKM=":{"valueMac":{"type":"Buffer","data":"qlevUvtD59+TtW1/+/Vp/MNZqXbVct8nu3u24PUwKKk="}},"Q7kqxv1Oqk7A3ycm9IF+KZBbS4JzGtr8CpJcuprpwKM=":{"valueMac":{"type":"Buffer","data":"IqFrQkyIs1ZLFpw4voq+SKgZZFLTCDWnL+qidl2t3qI="}},"Q8Rg/7cXU0xkv/jr10IpqOSTM0UzgsWJXG2Q0+DOOgI=":{"valueMac":{"type":"Buffer","data":"ghmPWw8JRbHdQV7pfc49cPJ6kC6J4+Vhoirxcit0BJk="}},"REgr1CNPGUN1PPembBgxfaBFyhTkY9+E4eGibidV55k=":{"valueMac":{"type":"Buffer","data":"D0ivO6FhR5H4DE8g3n0JI2Qewd9t78ZyWzrE4Ce+6Y8="}},"RIfG5cSBNcUdNuQA/yWOP/O/20HRK2xJHf/KjaUxmI4=":{"valueMac":{"type":"Buffer","data":"Q3nn60S1vCZR8jXLqY2174T1dsO8n5Uh9JDkV/HrRu8="}},"Rabypfj4CDAecLiIWu9CZ+IjKJTuBoxOY0AVgNtWChU=":{"valueMac":{"type":"Buffer","data":"CVftS/tXstoKNNUhcKcJyhwnrHdVvrmWLlqWvPt5C4w="}},"Ri5JWJAcnbUk/rQ/fprlQMPchFTMYA1ECXeYSSg4YTg=":{"valueMac":{"type":"Buffer","data":"aygDjKlSpxg2dH9MdrKbe5roX1K/HgK+tWZfRdomxhs="}},"Ro1cuKsNoZcE26lGsMyjHWCsw+zlAzm20dftF9TuUyc=":{"valueMac":{"type":"Buffer","data":"E3jzfnKMFUEE8WsZFk/nedk6+UnxV6M+/I9KRK41qeo="}},"Rtqw0GIvHxiaOMq8UrLV0jn8BHKz0OcjCY+GSjbysMs=":{"valueMac":{"type":"Buffer","data":"1ILqBBzKDh+oJ3rSm3x5sOu2ckNEjYUl8KDe0bLGCfc="}},"Ruwll9CPHfioTUjJJHxFpupJZb7ObmY44Mfr0Sx3pEY=":{"valueMac":{"type":"Buffer","data":"muF3jsXXkIEF87wB1AoPxeJLaVMKdxk2l/dQCGjJH5c="}},"R/wXluBE/K85vy4c3nRq5leq+/CxjfJDfr0L4hI06bw=":{"valueMac":{"type":"Buffer","data":"9t1DDXZs4lnn+jqF0AGjZUF2Au9Ufh0MlWanSoY9mlk="}},"SI9ChE5sblL0NKs3GyAOSrglI9hjxYRW50WwUnL6klE=":{"valueMac":{"type":"Buffer","data":"jO1xt6rFqYcQEq+C3FXWhDQGEbyTy11YUMwYRzOBrpg="}},"SRiMaARAS/L0s6hHNWnzIZjfBmV2BGt+plXI/W6cdNo=":{"valueMac":{"type":"Buffer","data":"9knfMv7XpheBMMRH887U13/C9ZyPHts1FlY0hrqfr0s="}},"SR8sH4FRFs12yPaWUoahsHGcL9ZN4+ygYNYHlOHRd5c=":{"valueMac":{"type":"Buffer","data":"N3TPBOy8w2Ht1Kp+PyRycZ8/sxZNMTMLGS5Ld+rRLVo="}},"SWzebRZSdN6WyXNKlEVifywufAELDO1uZUE0Jt/WBkI=":{"valueMac":{"type":"Buffer","data":"lCRQCjMRBEGSblsIWgedM/TLjBjxII7iOsndnI5CnJs="}},"Sf1S44jaf1jhjUtY3mPDBc/dI8tdFzwnRGyFT0POVPs=":{"valueMac":{"type":"Buffer","data":"KTMQG+mq0lzk+zzlmLh0t1qId84YxmBGoiiuDlC5Y7o="}},"S13fRLvEiRHSOVEzxAmTGFAuLnDv6rNwJUQ8PGQXJSE=":{"valueMac":{"type":"Buffer","data":"DKhl1canH2Gn6BqQDIDTcxWA7BBrIzjFnqGIGKhNVkM="}},"S6LHrkxIq6RnR6miYJ56ONhfx2JwPpuX88kigAquBHQ=":{"valueMac":{"type":"Buffer","data":"gxsx3YwN8+B7sdvHoSniZ+ONGfmVg8VEfRLpzibQo2M="}},"S95aH3b7yXrpOFxxQvD9/47qBLT4fGjfaZknjFW6otA=":{"valueMac":{"type":"Buffer","data":"/4vfTGQwMdZBOq9fMffvEoDw7/vJ522m/icj5+agryo="}},"TEmEwuZGl1xmXiIWiGyddalugPJCJQMMiz1Tb80uxHw=":{"valueMac":{"type":"Buffer","data":"UJSH43eQfIlMLpzpwlhZvXEtoe06mDQnzVBMnjFMH68="}},"TMUoeywOsnA+ZuayCDWuBqswW4lMA+qWWhEDt/JOpNg=":{"valueMac":{"type":"Buffer","data":"pHeOsB8pL4oCY4LzbDB92MxaooUU/Ix13SqhXN2E15M="}},"Ts0+foIZaDDe0f/Y9umNl94FU4dP85BbkdnASKsrtmI=":{"valueMac":{"type":"Buffer","data":"qc9gW+vY9R8S8YB61pKnskRDH+uUpd2Gms7+KxEGOwQ="}},"TyUIIR/2bRA3I0yW7konBgAuHNNl4KlLEZcQf2fliwk=":{"valueMac":{"type":"Buffer","data":"LwuGD5NmeLJE17GsnOmZCt5HxevYQVR4PQk7HrzIJqI="}},"TzR32+OUJ/MJvuBstybCiazKL79Gjrkv9VJMnK9TaOk=":{"valueMac":{"type":"Buffer","data":"EkcKHWQoJzkQ4xOWR8xkpxe8cbwhT63Ndt0WrPriuSA="}},"TzjtAWJf7VRbzHtIz4YN3/QdDWGGun/U3wwKop8/eqI=":{"valueMac":{"type":"Buffer","data":"MzC1fHPd3V0LgzPZpMELuHJ03J9rQofd1KSNns8sCGo="}},"T4WfOgsOFYheXHWQN0uVZgKjh3DuOa+HVdUKkqOB+u0=":{"valueMac":{"type":"Buffer","data":"160Q779+YS55vuxIjEakP7fjSc5bQ7J5WMZjxhNzNVA="}},"T4bTpDyXyFpeMi6kkzH22tCAI6AwB0XFxuqFjZ+0xjI=":{"valueMac":{"type":"Buffer","data":"5k8SpqIeWI/DhUC3/le4I24t0DzUh2+LwMZvW5+QQwU="}},"T6u88gp5XiVTnrbO5nXSOXBfEsnYauzhYTfWWr6Jqvg=":{"valueMac":{"type":"Buffer","data":"2HAf8a6RKn4sNwlElo4C6swr/M93C/987+IqGP30lQA="}},"T/Lyc8PWqGbPnjdzploFAUFmVmO8hOuv0+ZBKYXAgBk=":{"valueMac":{"type":"Buffer","data":"Ey1nRc+SxxLsWr8X8yq+nwFzCxFKR9aVkMcXbfJsfrQ="}},"UA4b8VhJR4oJsK7t77WuefHBuWYEFxeC+LziHbkcVR8=":{"valueMac":{"type":"Buffer","data":"LclwRe7S1M8GyEWgb5g6rFAY7HqFKygyUji7ulsS8ns="}},"UM+l0ZhbCCe3NHfrmgiyukli8I/KNR3D8tfS+UtafjU=":{"valueMac":{"type":"Buffer","data":"azTjPgypunlI390rv5W90dVxaMYdb2Wj7d1qIxPdoa8="}},"UOxpUOQWY8x9eRZtIOiNwKJdaN6aTzG/yXsHzm5eniE=":{"valueMac":{"type":"Buffer","data":"02lVq+t3KxUR+fK7zQ5BbMMUAWPJEt3Z4fHFIFCIWvQ="}},"UO3fEy7FOOPR85BH2pMkJ6zmvLAxSVQazbImkb6pkmY=":{"valueMac":{"type":"Buffer","data":"qQT4Nj8gn+SGa6Brc8I/dc2QuWM09NKZdlYIR0xMOMw="}},"USF9xRpKXycxPS/d6+sIZwU/3rdqZXNpItkTvN7njXo=":{"valueMac":{"type":"Buffer","data":"CfdQw87DTOWvfqnnjI56UhFo65Ie5ojUjByyaksE7Mg="}},"UWbhPYa3VqxoC/J15CIffVWvPRLbSkVmP1lecFJKvO8=":{"valueMac":{"type":"Buffer","data":"FzUvMvU9E5IBHkC3Qr25AWW2aB+JyPDu8VKFt1SxwZc="}},"UY2FOkKCu+lompINKFDI+7sMC2YNN/UOHHzyciZgjSg=":{"valueMac":{"type":"Buffer","data":"UTb0gl0CYDGcHch6WVsvXJFbTzEw6NjZvQrDEtYG+HA="}},"UZ4bqLhgRfbsetP+P8mDKtRfGq7hVQwMMtyr/Km2soQ=":{"valueMac":{"type":"Buffer","data":"eU4B5CDUGbeiOH5ySefce9BXJfjdZrWfuTFy2SEmg6M="}},"UkBlOqCWiz8Bvs10o6tX+QNCPFbD6a5WBQp9ZZf4R/w=":{"valueMac":{"type":"Buffer","data":"2PvEs77xMlLHJfChepLy3cDcxZcXn22jEBxrCGM91Y0="}},"UmQ3SEzZmUch6Uq5GDAwvFVzUOOrsI/4RYxy+vbR/x0=":{"valueMac":{"type":"Buffer","data":"WFpNHApEHA1TXHPu0FLBmNQOi/QfyZNFd2ZJvIomQ1g="}},"UoVIe3wiRY5PybdVQ4ZNfdvAkYeqcCjS0wm7iJkDflc=":{"valueMac":{"type":"Buffer","data":"Sqku44xSdNDTojk6bIkOr0SJWWlDB83yD8x5EtDuLfg="}},"Uqx0UixrMhvwT8ahDA/KYYxMtW8HHhEt4YQkvnc5vJY=":{"valueMac":{"type":"Buffer","data":"wOq4POy1jUKIR2loz4a8BZF3Q1SB8ZyeQQp+kECJmHw="}},"Uv3lLcBZgx5hOffrBDznKa9OqhGlOdUfPO1C7GiBQBg=":{"valueMac":{"type":"Buffer","data":"h/CNzdm5t3xxbHD/cSvVRdWIyzVsA+bckSGDsTC0HDQ="}},"Uwam9zMuuKjQqSkLnSMTJRvXLHRg1iB0xIwtkn+Tqek=":{"valueMac":{"type":"Buffer","data":"niFWayk5gNTKlZZcxeEsz+47KwHVuGioeqpl9+mi1RU="}},"UyumdsuR7ygSVqNovYUnHk8jcO0sDh+zjOBtXQd7P3M=":{"valueMac":{"type":"Buffer","data":"vrMvvtEjeAh9tGxCNif3y0svItSCqDjb5qiXf8k9wmg="}},"U0rFHZ17liIJ3zkNnlTYpoPBld/o/fQkigqEWH0/uVI=":{"valueMac":{"type":"Buffer","data":"wq0/8RFL+ScFcs/o8pX+jY95YwW4ihpHEzEmaCMMr2c="}},"U1fBn00+qGrWkwbYRxVuuNh9M0qjcNtoy0YW+cZNWqA=":{"valueMac":{"type":"Buffer","data":"NrxZbuOOMy7nWd6E20gqxy4w24H9rhs0f68jGnC/SIQ="}},"U5ZsXF/DB+puIPhkYsYWO52Au7TblQScPsa2pAi+PRU=":{"valueMac":{"type":"Buffer","data":"CiY1cb3uZ1VlyU42s/iER+YCsnojEpVgCAfsc8enEKs="}},"U6HyVq7aKdbvTPgmHntLwEQkEZiCa8ZdvSwOJ7IqEc4=":{"valueMac":{"type":"Buffer","data":"xU0zkbmsgMi0bd56pV7EDYW3T/Xz86bqnkEebERm9Bk="}},"U7hyMhJ8bS22YR0CsWnoMy29cxXZP4E/VrBKgCyRB9c=":{"valueMac":{"type":"Buffer","data":"ccwbOMqEfxaIW+Jg5X3IQUn9d+waGjJPkXrt6tLinnc="}},"VY/MIIqaSsfzv4xMMH0hZLWh4141hAf341BXWdQBttw=":{"valueMac":{"type":"Buffer","data":"2HqFyah3Vc8n6JMjCQArpBuAOaMMtyqM/u+hwJ7u+yU="}},"VfYreCCS3imC74n4sVrOA2zy2Kw0Q1TNXh7V7jby5DI=":{"valueMac":{"type":"Buffer","data":"OjzUmkV/Vw3haSRn7MpCM2zPlODfN3T1qHGajJj/LTk="}},"VwTlujv6Lugn8zgERBwPgOuJpfnd1DIJP+Zj5/osgi8=":{"valueMac":{"type":"Buffer","data":"tJfwlxVb0BnTOI2b1IAj8LPQA3TyOmI0g608OUEvHPo="}},"VyesTlMxe2uiGyY/B3W/iabOKL2zGTnVqGo0M7k8ByU=":{"valueMac":{"type":"Buffer","data":"Nsmzn3XaQM+MXPvvQOzOrAmDym8Sw0Ydss4DjyPcCmc="}},"V998RUNbFL/I/5crrqdl5eSUZxTYqu7TP0uVQa6UGNk=":{"valueMac":{"type":"Buffer","data":"dD7DcTn79HluTwHeEOqFTSXG3O7HVB/U5aI24HfZcYQ="}},"WBZr+bICaRZFAEENlzMQF3H9gAh5jCRCHmUxvunfGH0=":{"valueMac":{"type":"Buffer","data":"cTIsjd2Sdwv9lZVWlHmvir+21iq4VapQ9Qbc6cF504o="}},"WCS1SEKQDLGWPWuwIehbnxWahd7LvOEetAFHrAPsMjQ=":{"valueMac":{"type":"Buffer","data":"pMar7dWsFf28Z5U70hqJwpyo1txXqiEs5ElP2l5h47k="}},"WInLkmAN3qC0sT1dJAKIw+YVuG6NmKvYkmyTqcal/Ek=":{"valueMac":{"type":"Buffer","data":"TwQVhX8qhBkRhM/u6v2EP2W60riDVlgKIh/3mBzMEYE="}},"WKWszyXPRbbo1zV8qjkTUNUP0e/eqXllR1FLoVflxJk=":{"valueMac":{"type":"Buffer","data":"4HKgHj56BKQwFcPrJV7iY5TsD/pWNtg0PGGR8rLcF4Y="}},"WKeh3cUUlUvU4AxBeScdVf0FPsX+WqXkDe9bDqHALWI=":{"valueMac":{"type":"Buffer","data":"pXi5cEECFjl7x8U72ZnuDthdaSF5ds4jDSs2J0ghxo0="}},"WRxH3UGhkOtCnneTUuE8YKeS0DHDhOyu0bsWayyi+j8=":{"valueMac":{"type":"Buffer","data":"RTNFH1fpcdxP4g3mqtNmbiS72mOxgCOX4/JDQIVjKIM="}},"WfcuL/RJJoZu4n3TItmuq64L9UI1pWRn6mcNHw/54U4=":{"valueMac":{"type":"Buffer","data":"Y8yK7lsuBUcOdnobfNmQcAf05t4KB21n+1d8ByxglO0="}},"Wg0EWdd1mve2EAHQlh0GD3MedPV0YeVS5qE16IsaxRk=":{"valueMac":{"type":"Buffer","data":"LfihIy8Ca9o/n+LuJffnMy0yrF2m2Nzd3aW7+W/W2NI="}},"WvdWrfD9VrNju+qMFB19zJGrMB/sD4DOCJFbtPAbHF0=":{"valueMac":{"type":"Buffer","data":"MYqCVc/Jtr3Ni7qrYMYKYaIe7dzYT5E14YsFb9sP8GE="}},"Wvfk8Li7B7M/IgYa8lvSNZyIjZOWQt2Z+grqiaVcT+M=":{"valueMac":{"type":"Buffer","data":"tvgnW24Uscms/dRyTKUt/RGyUYjGFNpiPR8jRmL0I+U="}},"W7lfqfH0+KDo+b7N4LL/fi8WVvneZMC3Ht058MXzo6w=":{"valueMac":{"type":"Buffer","data":"3P0vMeJVeWxIB1Y/c33B6DuVjTkM2q5g5xD2I0NMkyI="}},"W8P0oHJI5UEsiDNXylgXuU3e5BpFsEN6DZaTTtqAPgE=":{"valueMac":{"type":"Buffer","data":"jV//XDlZEd3pCXkAPt1wR2I0bGYL6WPGMoliM2OehAI="}},"XERMnUqyW2Q3k4wWffVkmzBVBxfK//SEVjvplGIW/ys=":{"valueMac":{"type":"Buffer","data":"AWlA2Ax3frjDqEwDNEJ7PnszQRcdSH4FUYOFcgDD/GU="}},"XPUIa/6ga3wEyAhmsxiG9ew6Ru3lLZHjQtxhItB7oIw=":{"valueMac":{"type":"Buffer","data":"z32t2NczvL8GmeNCM+cfxTX76nuICxoe87TRzbe5tOQ="}},"XSxqTrxYeLpsF4/lurC9lO+1pxoWPNDGWeMvgkH5CD4=":{"valueMac":{"type":"Buffer","data":"vEKlybnxqGChGB1c59OCm099E3+EAXltCVjqPCCUGwU="}},"XTFpqb4468EWxK22+tqyp+Xd7KriVXJTh1Y37H1RfBU=":{"valueMac":{"type":"Buffer","data":"xWQmZawZKnnImWSMO5fjQaXtcvpVHaQX8adqQC7Ro4s="}},"XTjzBZxTBpPKa4HQYVCGtaU4TChpxYaguwzpkgTb20o=":{"valueMac":{"type":"Buffer","data":"hiJxnI1L7m1VAJFGdwKTnou9RtOb0tEw9flb4aa8iBg="}},"XlnCwbD7aLGtvAqrKb/bYTpjEOqibTXsIRLLvl9g+KU=":{"valueMac":{"type":"Buffer","data":"7C3vT7/joXsY3m/fjvp27RZ//MzDslBFTjGSae3M1KM="}},"XlvYBM1YRGCSOSMOVWotu9sUZLqW7bIKMpZ9+iiglo4=":{"valueMac":{"type":"Buffer","data":"RE00E1zywCdxV2ko0ZY1/JrNyND/24BLDmx2OO8KR5c="}},"XsQYbgk2ZUr6mK65sVPcI/9fuqjN1ciLG3uPvFyuiWc=":{"valueMac":{"type":"Buffer","data":"Q58HNUojH6piyHNBJbb/xGNV8gH0pP9LXTcBv7UUxvE="}},"Xy31eKMMmZSiQbVBtcOYbKhNwwICEma1L0V9eP05chM=":{"valueMac":{"type":"Buffer","data":"n5EQtTpQwTbBLjOtu4OlKFElREp6s+EWnwfNukXaQ18="}},"X2dLPEm8whQOEWbXxXuU8JfPHwEHA2Bf6JOeRrs2Mk8=":{"valueMac":{"type":"Buffer","data":"3gKhU9/aUYkQL+TFc6nPdEySFBpXcH54yFzVl4Ft2sI="}},"X6Hi68LCe/yUzM2Z4cS00th0QUmM4vZHVFS0pZEjExA=":{"valueMac":{"type":"Buffer","data":"sawjnnZ/ESLzgyhfZNNSpCZbpS7N6/qjCPDrkUJZQqY="}},"YAeMa73NQc+b2ooY7PAxIoayDAtdHmGQSYAKucxgZOo=":{"valueMac":{"type":"Buffer","data":"UXotTeucY5kZJzFkVPyHU1VBa0C/BV2gAUgFRzg7A1I="}},"YCKRYGt30cMYlnSl7/AAtQORynpoC4FvOel0cWbK9Os=":{"valueMac":{"type":"Buffer","data":"OxJ8uPswtgD3USw/l70ZlkHavw5HL/PMfO+gPEti7wo="}},"YJTHGEC2KwdvOvCxnyPj2i8Lbdq/TOY7Y0A6LVP4vvE=":{"valueMac":{"type":"Buffer","data":"Le+VYRN8rV25zPWhhr7aMonfi83sSe7Jncn0evSpi60="}},"YKCh4Cj2uCJGA1W7k+o4A97/LaC/QG3kxLo1PZo06Lo=":{"valueMac":{"type":"Buffer","data":"JeiuncGC3lc3oBIw1ltujq+exU7Z5vLh4OgWKDeNcpw="}},"YKSXLdY2eGH5pZPEJYZ23RiGMza/5YXfxY9OcybX0JA=":{"valueMac":{"type":"Buffer","data":"2iPnLddEzxsLMZd73RuU+Y/IPlBEcGvgzhzX3QqjpK8="}},"YOz6B5phtwJ81C6fuDCWRytLUxTCPAM+X968EzlXYdc=":{"valueMac":{"type":"Buffer","data":"wZ7cLPedriZMU3D/NNjgNYRixpwR4Yr68EAN6qDarys="}},"YX51nQHny/rHFAImhjQxOvmlOyT/uet6Jee2E/7wjn4=":{"valueMac":{"type":"Buffer","data":"VlpzGwSzQMANznWQTzJt85WiqfLfXPclCoUOlRvgT34="}},"Ycjt0ijUd5lcx1r9nGM2ZvshKL2NKE30NnTsHk28ZWI=":{"valueMac":{"type":"Buffer","data":"gLtnXwa1HBf3vYqeYlnNFwU/d4iEd1CYGMM6kOboIOA="}},"YghZv/XkzgJ6ugdwDTlXyWylp6g7ZWzaNCfjryDviCA=":{"valueMac":{"type":"Buffer","data":"Wr75JHCRMhpk17+dj+HRE0kkfA/Zf6hibBcQ+km5ung="}},"YhGLiFf47Uc11jr6+urGKOYKeZfPJK0XfoTSU9kIEeU=":{"valueMac":{"type":"Buffer","data":"3ZKLc4dNMlfESHyoNh7t4tUUs4N8x5LnxGGN+PPmLXI="}},"Yq+Yi3zZJTSENDLoRObzSpEW3gfzj6+wFcPD9L+bn5M=":{"valueMac":{"type":"Buffer","data":"gNtp2bzp/UQsdHM3Dqp91xPZrjjWGd/5CArvo0iHp58="}},"YxSblk+/Wx8HVIBJ4FpvEochLAOlixYUEy+vo0hulqQ=":{"valueMac":{"type":"Buffer","data":"CmWyq/clnUe1ei9Tw/nhhmgYFYisxnRPNTkmy7ASo5c="}},"Y0MWhRngNla6oTykdNlquxuZhjHndame/7tNQC7V17o=":{"valueMac":{"type":"Buffer","data":"CdM5ZBTH3ukAZDGHe8KnBMmf5Chv6AQtbYGsafKt88g="}},"Y/yWypEvi0iDTjR8VEC7+2xQMs2uP+Iupbc46HaqNHg=":{"valueMac":{"type":"Buffer","data":"AKB6x8h1VbPcqB9uXWl0EAazYPpUomn7opeivKqCE2I="}},"ZF425MtueHXx9vkZJUQyByzu6386qVFqXMLc7AOkj9w=":{"valueMac":{"type":"Buffer","data":"G2oV7RLAp6YxPSV21MJxuPIfJdaUzS1l5P87s1+QLfw="}},"ZF5CYUFpf0xwxmFDsb3oib1Llas/SdEf7ECCZUSUx+o=":{"valueMac":{"type":"Buffer","data":"4Pw6W6+dHK+2Z4Nr9mbdZ1MLi5CT6VoPBszp8su6uVA="}},"ZQtQ7mHd4fKzTJ3ux4BJF9C1OYnWwWZqNlK20bbLtQ4=":{"valueMac":{"type":"Buffer","data":"tQZs55be45Rlj9bQkVhiB+lbVWO6jYCgNlY8AWJNnWw="}},"ZRXR6GeSXAowZwVeK885c/1so72BTmNv5IfR1iPTGMc=":{"valueMac":{"type":"Buffer","data":"VHkWlj+KCYwQAhM6J8SUCc59QasoLjJj38u7UkOfirY="}},"ZaYNgf7c8Bfi6Fm7odgfUj5oVLRxnc+B91w2+4RHZfE=":{"valueMac":{"type":"Buffer","data":"1A6xJ/d6fcU2kAkdXMRYKecp6T+FPv1yc1vhLIRL20Y="}},"ZeGY0P/WZvwbQLkeJA498qQ7cky+XM3vageBo0Fa8VQ=":{"valueMac":{"type":"Buffer","data":"2A5Y4eFJLzlAa0uLD30qmzyjOgQg/koEtWxu6ognNd8="}},"Zqvs30n0L3oaKjYO3fsUHdJQPGIO0eEMX+5xoIwy9Ks=":{"valueMac":{"type":"Buffer","data":"qx/eS5StHMJA9Hhgx1MZ2Oz5oSPog+MHdLcyL7A1U0E="}},"ZsNRZ8xf4zmO1mIKDl4ntIHn99xpgbm5DsYBNYzkZn0=":{"valueMac":{"type":"Buffer","data":"1LlZY7s9M0qEnq4zsRO8MXY1oqDaxoPj6Fc4NFN3UjQ="}},"Z1+UZm8pHt41Wle/0EU8hTdczMfydgE79iOqdWGfMYQ=":{"valueMac":{"type":"Buffer","data":"TyzIqqiTtG9q9vEw9hQLb7yPDX4kvqWilKSZHl3Nx6s="}},"accTSQsKW4Z1IFQaJt4XEsWjvxjFAvoSXJQIIWa9zH0=":{"valueMac":{"type":"Buffer","data":"Jwe8Ezs10I4ZYiL7GDFGKx187/ExS/EDqzrBY12PuNw="}},"akYktLCZm5uDetZkQTsQd8orzSA36AGaI1QhxXIKSGo=":{"valueMac":{"type":"Buffer","data":"Htzhy4kyC5aPebnS6A/91M5qNE91XWdc5PODF2T+3/c="}},"asxB1AieEqkabT31fY7rf68MZqLWOMSAiiSLFaKpApY=":{"valueMac":{"type":"Buffer","data":"g4yj9Dk/OqgKE1e67+ez3UINovcPuruXpPv7PCbg2Oc="}},"a9Dvm7+CzYKl0ALD+H0g/XNYp494e7XP5XeKYy/H71c=":{"valueMac":{"type":"Buffer","data":"F6afBqbH+peHwEGdG/vAbkPrA3AwjQRViaJrvH3jmQ0="}},"bOOtv1ZrLiOdIyqq1a1n0uqRuh7GOtjZbdW5GlmTsmk=":{"valueMac":{"type":"Buffer","data":"NzsykL1cvrCiHtFE3v8nlJiQEhr8Cugs6GvvQnYG9p0="}},"bfJrmW1KgDnGJOWUH2W6RqAny2TH+8c5lSDeNiaIZus=":{"valueMac":{"type":"Buffer","data":"Sk2uKw6Y/pemS4H/WqXrfE82fpZd5ATRlo5tQLmT8YU="}},"blWChiwXAUf5flR7o3iCjM0OgceaoXvz0ONdZ0qfDlo=":{"valueMac":{"type":"Buffer","data":"5Uk/0vSD4NwHNJ6078Y0zTRIc71JoCuuVafSeei2c5k="}},"bp7hhYL61EpQbrNEGmi8sxj3LfyVqzyIQUfxv3S2qh0=":{"valueMac":{"type":"Buffer","data":"0SVYhHvNMRy9qADVw6ZRCG61Qh/95IQ21lMlma95sFs="}},"bsgUpAYSJ8ZIUU4O3MbljaqlICU7Gu95hR3Z79WKlyM=":{"valueMac":{"type":"Buffer","data":"MpIt7K44E6giDUGv0o1KADIVa5R9EFppiDjLJ6ihO70="}},"b2HZQUElnSebehYr29aEtePsofN+nz4fE20lBjtELmc=":{"valueMac":{"type":"Buffer","data":"SbvIZaG+12XzBwTbE2yC1b/8MBH7hY/MtBJQL3XmZLA="}},"cGcj3b0fAhDLhKRGcSWSqTLTmOzvkcvA3JKnXuP9VWM=":{"valueMac":{"type":"Buffer","data":"CkVEW9TTds/6rzUQ8ZGT7m/D5xshQKVPa56OgNNvw7g="}},"cjWvP2SAcGHKwHdqeUAxkJ8Q5NunKeM6nN1h+/MQBP0=":{"valueMac":{"type":"Buffer","data":"dPltHHKHPGWlS75l/eD9lkw040wGirZBeVFxDhOV+RI="}},"ckzORCOEdscU64ZLj0ynqaCuWbG0R4hWUdReHCbnw6c=":{"valueMac":{"type":"Buffer","data":"R5uDM56d+ZZwz+KI846WzJpGxmUl1vj5mB7RuFMmJE4="}},"cqMQ9eRlzw3L63fR5btBNvKnf/qdtbzYNkwlSvPeYVw=":{"valueMac":{"type":"Buffer","data":"fBKTL6wv75NPSxBzH55L/8Uhxfnt3kM6IswJMXovaVs="}},"cqdmKbp+P8ClJU3HS7v53h+NRDFcVFjWzpTEp0Z5SBo=":{"valueMac":{"type":"Buffer","data":"QuIA4I5GJVM9ZkqK6xWg8SdhvX2sUdGCYsdOxeQ6Ea4="}},"c6qSsYHsW5Wr3T2dWS3o2tQZrx7g780M1rZO6IJO1ug=":{"valueMac":{"type":"Buffer","data":"Bsa6cYUYhaus9FEL47waiWFSUYKT4VPzIkFr4pVv7bk="}},"c+oDHIBpbr/eO3Uw6NB+i+CdF7envZRMbXRkbZnnmfg=":{"valueMac":{"type":"Buffer","data":"9hZdST6B7cNbYhtlXt1nEC5N+NklKXdjFsblCnySvDc="}},"dHNNbI/R2Er+HJhVQEBpWL5NLtlAedMbThekzqBmicA=":{"valueMac":{"type":"Buffer","data":"4C/Q6rh05V6P07tBFrWbcUPiLDXPfkTuhKp5NJGnrRM="}},"dsUCC0nz1wVScpFsSCvmZTaRvDP31Bl4SMPDfT8dD80=":{"valueMac":{"type":"Buffer","data":"EFuRXQ0ySh1oMOu7cRutdG6Vot5j3OH9bTnVfZbQ0xM="}},"d+Tu70dLKuIFAwURjC5MnH/ZLGBHdLRmyxyEXDu4QCI=":{"valueMac":{"type":"Buffer","data":"oHbs3J1Vtqc2UikRBNVG7IZ39/kW5IPU3tF/Ex7T/Uw="}},"d/42RrHY1srv90M+CsZvtTg1wVW9W6tu5f7C/RQiOuo=":{"valueMac":{"type":"Buffer","data":"u232n8uKnGknysOAM6U75eq8jgoSW9XjF2giphO2rkQ="}},"eDBpBqj0ERFLiD7RG4OQ+3JeMDGRztMo7+N5jenD8xs=":{"valueMac":{"type":"Buffer","data":"PgMq5KsGKbwTHkl152I61V7jZv36k/VOlulYBJ3ubSM="}},"eDaFXUyyDFaKd7iOuZlbDsw/bj+kGd/bIWiF5RqO9BA=":{"valueMac":{"type":"Buffer","data":"2iCdmWWcQWRya1gshEmQTXjTQYEJZ40yP19W5K9rbg8="}},"eEgvMNYXAz4khwpQX2l9OjfeJMgaTog9nCJx1gZKJfc=":{"valueMac":{"type":"Buffer","data":"SZDU/6pHWXhPGlQWtIedADLwy5oEQubSbIEESwCDPAw="}},"ePzPOcnUv9FDHF2MtuuPOjRTWvF7mG3bood+pdmK47E=":{"valueMac":{"type":"Buffer","data":"NAFxDFHHUn1+bvC64cmT5nPU0CwhsP2rrf8syNdCw7Y="}},"eSuHWqLi0JItgGN4LoApN0BvHqpcqvRT0p+9N8v1jlk=":{"valueMac":{"type":"Buffer","data":"irF2l9ZlTyzqkpnrHPOqvH6j5m9yvXtVpyYmdnHxxMQ="}},"efuUoQMlfxQhFOPoGox/dVlX/nmD71nqD8vvafFva48=":{"valueMac":{"type":"Buffer","data":"7HY9c+Xfbp28nGHvq10g1M/TpN0d++Ca1ARTS8VHI04="}},"ekLjF+fheSt3oQgxr/srd13O/dpf6qe2QIteaJ/hOos=":{"valueMac":{"type":"Buffer","data":"je7YdtD3rL6TeLWXX5Of1bQa6DKpf1VazeQ66J3ONhw="}},"elY+J2IRVxMciyEeKDmHrsOhjmP692O+YnW5I7ke6vc=":{"valueMac":{"type":"Buffer","data":"wPiWmD5whMfTJkqyL3CBtrXXPoeyQRSOE7DixQBs+P4="}},"erotKJ2nrJkaHhQ4DhYzgN8fI/tVamtrJzzk1qsnP/w=":{"valueMac":{"type":"Buffer","data":"UKCzJdclY3sNI4F9v9jNZwYqVFY7Hle9+c79FOE+M7E="}},"ewHJl0107ntxcG366ak6PZHgp7ZDAWVftKhyJ55+2qI=":{"valueMac":{"type":"Buffer","data":"oFx7oz6TmWlsySWR63LxkrPU9UYo8rGQoEG9p+7HPVQ="}},"exCpeCR7YFs2PcDy+q9Db84m0v2znuLpSk0q7QegAVU=":{"valueMac":{"type":"Buffer","data":"Mk+czpBIWhs5ue19EbWsw1GcqS3Qlw+c8NFo9cGsLh8="}},"e1LUUQJAJItMz83e4LMWUKVOjYTEw4xgvxb373brKCM=":{"valueMac":{"type":"Buffer","data":"hq6ivAoMs8kZktUDLTKyfImboyynJx5y4xeOYfg8JVU="}},"fEo98CIuikFcBSQZyzlmlvqZQgrqqVYnbFzXhapzMJg=":{"valueMac":{"type":"Buffer","data":"pGiktsO3sBa5pwZwQoxQUNYpDEXHHO2SR3OpkQ3yx5Y="}},"fpU8m/c36LHfLaOG29iy1PqKpgYgTWqNh/aKLtHKE4I=":{"valueMac":{"type":"Buffer","data":"NVnCIYm50W66/sqZzhBp6rfOrCs+IGPVLXpiuHUSf0s="}},"fwGfisFSaMluz2/BPFGMrzYqu890nTJjLU30oDq1710=":{"valueMac":{"type":"Buffer","data":"blT1q5gbcznsJkzocTLGQnfND+ZOD5e2qsno5da8kK0="}},"f8JHEGswthElxQ7P7JtoEnnkvCNzzIigmFQo/djsnqE=":{"valueMac":{"type":"Buffer","data":"XzAEqKyJiT+P2tegTwXkJGzh/he5PJskInF8CJSO+3E="}},"gICAHld/pfLkrU744w+TrNxjLmuIwBG6FtOtmvZ7ijk=":{"valueMac":{"type":"Buffer","data":"J76bb0DVqZ6kEo57TUhFZWTXDhVX8Web/BfUp1KNBKY="}},"gIXHV9RppwrSx4JG06AbFzwkTyZqBteN76XLuPGqtfA=":{"valueMac":{"type":"Buffer","data":"K2H95ckmjzqFbIYLSA1XFPMTPOqJ8vQUzV+KZJGxin8="}},"gTvzAIzAni8Uomgkpe98yyOn59mNXPCM4WktMwVBUyo=":{"valueMac":{"type":"Buffer","data":"5Dnu8cw501d+5/GlKAWwdk8QHXxCj34R3gCrQIJwyLQ="}},"gdNxprKgHNZBAx1sMBiKR+gX+5lPQ+9EArn+96pyLd0=":{"valueMac":{"type":"Buffer","data":"z/pIKG6jtos0ZFsJdKU+ABjhA4PgBV1k1jKxF9GifME="}},"gw6jbozrROzMkBX5sCbq8gilCF24Tg9ro/eO0N+L78I=":{"valueMac":{"type":"Buffer","data":"3unJ+M2m/0aUztWuGQ07aozCfS1TgekfBwOBGfUfsvo="}},"g0L9fbR/uLuLOrBHrnkOdrBBntsxvWXQSO/lMhEPCNk=":{"valueMac":{"type":"Buffer","data":"fb9WVk+Pp42otAfuc9POg/hs6LM6qsQq//CGg8y9yCw="}},"g/o3oBZikSjEyNfPx+Gz2uaDT27F4jKGY9anwADpV/s=":{"valueMac":{"type":"Buffer","data":"cLPSSPC259ixsLWg2Noj2prnUaqlStarlm7iFR5Dm2c="}},"g/0PXO6ktyzRx5veeTwzWKNcTHHEB8pbk+xnaQ5A3nU=":{"valueMac":{"type":"Buffer","data":"k5Wjzwzj9F0wnZMzc/3NTgUhr5H1NPL4lGJRgg27kqI="}},"hAqwd30FDEhk7kprVN076pGvihl6MBmRs0tu5ruue9I=":{"valueMac":{"type":"Buffer","data":"hxzLfkNT4WUR7bQ6C2af5VWxU12Ox52OJRlRrLI8yLk="}},"hOXuxjeMxAMzOsfYBqnVrItSCX4xrll39CkL2HDkyuU=":{"valueMac":{"type":"Buffer","data":"S4qY+LaJzT6J/DNU1p1zwjtELohnBWvsFzdauRWwq5g="}},"hS1agvIwj5EerJFqP+jQ+c+RgWn2EiiIx0UeZgOh61g=":{"valueMac":{"type":"Buffer","data":"roEh46UDAbCWLomTBbHbXwyaPMugNjkvgUKptr2Or+8="}},"had6BE11Z58Zt/3QmFzk2koiL7jxYU2ZAKHSLRX44hM=":{"valueMac":{"type":"Buffer","data":"mzDxQecMoLqA0eqOAoxt7HZHSUz629LE0fX2fJhyNJI="}},"hycYrNnHLJlAKJK/vefDIWBt3dqx5UKuZcS/VqqEi7U=":{"valueMac":{"type":"Buffer","data":"feJrkF/Q+5YAE6simkUiCchS+GEc/FJ74/EbltUK+R4="}},"h5kNqoCPw4rRXvZ0Op9rsJAQtNA7m8NtiqZJ1BljOU4=":{"valueMac":{"type":"Buffer","data":"2quHEV8leQnPFr3yZhG7yYnzRdt/sLNXiqMO8IkZID0="}},"iCrUIygvabjbFCtQQ87LOYB9xo8RrYTSGnQvPj1Qh6Y=":{"valueMac":{"type":"Buffer","data":"YuTugZj5TuLGlKMygDVcVMu8gGw14yqOgfPSdYrDZPI="}},"iD0XIaxGd67V/icnEktBjFnr7E+OoRMoGWHVUSDZu+Y=":{"valueMac":{"type":"Buffer","data":"B+EGGIZzS7gzrh4L1fuFIZRYOA+O6cVGNC0rxc9ZmgA="}},"iH68jNbyU/EUB9ZMvG2ligD4348spdIiNr/dg8yuZZI=":{"valueMac":{"type":"Buffer","data":"YEhvyZdKWyR9wPOCt8Aau6QdjyX1+wPQG2zts2rbUmY="}},"iNUB/qaCI9KoC5q86yyVCtZ2udx1JMjTaZpxAbqX/Zo=":{"valueMac":{"type":"Buffer","data":"GSw9XaGveAHJ2klftCKILx09yO8rrIcyi52lcwuwsMc="}},"iPgGhoAL+QWGtvPEZsTGuPegHALa+ftd2O1YjP2t7EU=":{"valueMac":{"type":"Buffer","data":"lVhOiT4m/zH8UWpqEI9mAQpw+i3Nw5Pv4RRNHNWqB7c="}},"iQ0EJ+wQn1LCj8/DqADaSwaVTv8iPK9iGbztyFi2q78=":{"valueMac":{"type":"Buffer","data":"2Hq1zN7w7vyZgJh6UhzhlfGByJFWRIOQVVFYntRmBVA="}},"iR+zUJjkigBrf0ICll9mxyWHq70+NtBXjk25GdWV46M=":{"valueMac":{"type":"Buffer","data":"F7S6zoRCusLA3FTJp3VKblVNMsRaRj4CWDf81MlgihY="}},"iVbgegbMQpvRz2dR+OJc3+1XK8ST75CbV9mOxDY0cGE=":{"valueMac":{"type":"Buffer","data":"lsqdQp/mH6yOlH9gs1nswaOu7JhweOav5N2PPweiFNQ="}},"iaz4EAmH1fsohL2RO4XKRyTtCdpa/fg2vBVUJXJvjuY=":{"valueMac":{"type":"Buffer","data":"7kix6vocHZcKxmE2jNmVnOTNz2uBGlGoB7uxjimFvDA="}},"idnXnxJTZ783tlSorYxO5YcxvZOV8Gg0wNOgeWB+I6E=":{"valueMac":{"type":"Buffer","data":"A1wcgHPQDHZGK6jbLqsRNKm8iE3BgW+NR68eEOSyWIM="}},"ivAm5sbYmokZVRHTXSLVvdeEj2NRTzWY+zdGcOoN2gU=":{"valueMac":{"type":"Buffer","data":"qG6C3yup5Y3PZeNztbbe/7pyUbB5PTFV8mgL4T1Qqq0="}},"i51IbsHmpyd38zUhCoXvnhqKnH7QTToPyoJRBXFT9bs=":{"valueMac":{"type":"Buffer","data":"rliHpnkFI8uJ2S6iWwZ6xlazXMXLLdOiLx/BCBLKFYk="}},"jShZsUe2vFHVVs4IfsSWTU9XWcyffTUmIy7JcQMjy1Q=":{"valueMac":{"type":"Buffer","data":"bTZOZ1YWfuU7CnX7G9/SWQJLB7RfzsWsO9xOwM+PCek="}},"jV/1SfrbKW7sSmhEeIjLTS2NaRe+MXK8zNMYU+8o5+A=":{"valueMac":{"type":"Buffer","data":"cZP5FcisA1sDQgBDkcLgS/sLFbvDyfpGDjKcZ5y033s="}},"jWI0wQZE/Y8fozlYhTdWTy3uqA4PK1nk3BhK2eQ/NL8=":{"valueMac":{"type":"Buffer","data":"hKh5iDkHWIbjEvq/ryT6QR3u7c3YMWUWmhJ8gWQIe8Q="}},"jajzO5zFYxZdXgIzglrfOFkVwemVnSWfdqtf9mu4R+c=":{"valueMac":{"type":"Buffer","data":"CsLGCqbD/euXSykA3qA+xofB4aH6yt3zKQhxn71tUFo="}},"jkR5AeE1xtzSE+Z4+PEcGbWHdXOdNVRqI/ZfoWTeuuk=":{"valueMac":{"type":"Buffer","data":"84qfrllqKHjEUIGJT8DcMgFQDy1XnKNR4zeBVfRrt4g="}},"jpnyo3RxoXNSL0JU5qh4egxVYb8kbc/2QWrF+bKuc/I=":{"valueMac":{"type":"Buffer","data":"skFnwlxFXIOtqqxHWC91WQkiNpxSao4pbB+G7ZI/nHc="}},"j5H2amOTCTK91SYFECh8Rul7y+1rcQlUgLDVC88CRDA=":{"valueMac":{"type":"Buffer","data":"Y24gaZmIVzgp8cnuctjkgUeqBF0hamLtvEGE9y8L5t4="}},"j6DUzR7G0Qm20cKNicKfFsDpKL4rs33kCRQ/lFxRKaM=":{"valueMac":{"type":"Buffer","data":"bKjxW7gUAu/bmmWfAkibDwX0uiQ6UghyGrp0rgg4B+M="}},"j95Hq0TDeio2Qq/Z2ToBHkRBrmZewzDEK3J4xrCICSE=":{"valueMac":{"type":"Buffer","data":"qem3Rm83vYW0yjqTk8BZJActCp9Sto4WAlQQY1wewoE="}},"kFjTPNOEjIA63kJGQSuMUJfz8eZm0JniBjB2+qj5WoM=":{"valueMac":{"type":"Buffer","data":"xo2y0P93AxIfkYoL9+BSUbF4RX1xjEIKQ4bTx4/juoc="}},"kJPJgns10dIzEER+9LnD4KG/VfwWBUsv84VoLTVRtxo=":{"valueMac":{"type":"Buffer","data":"pKWKf6S6QhjVvS8CCf5lvDAVQw8lDANhexST2Pxg8q0="}},"kUcWYKttXMWQP/4dqCb08wZHx6R02+0CkDDQ5IgR0CQ=":{"valueMac":{"type":"Buffer","data":"O2/9i9R68caL6bfgh5dNflmd1q2Gb7Ec5ZFF/GPIT9Q="}},"kW9hLc97lKeVr6sbGdBQedHT2zT9vl0n9fLMmzA/X6Q=":{"valueMac":{"type":"Buffer","data":"Z/+Ancia5iDyYOSDeY/zRU/3jvsiATQxDSHysn8GMSQ="}},"kfGWbzFfTw9c60Z+q5Or+QiEyjNOoBAk/HL4t1xcPSI=":{"valueMac":{"type":"Buffer","data":"eH/5G/RQAe61rGwWl9De4EtaF4lXMsYS4jTGbC4F6rM="}},"kpveOoCOzl5DZYCGo6WRIGnkOUKSDVX70Ab43nGNQA4=":{"valueMac":{"type":"Buffer","data":"bcWbugU/TxwRNuKrIMFWlSiOFPJFjbplcCoTKXTmhAM="}},"kqGTT78dg9llHZ2CXhPeBHgHQtKai845Vh7FD8F/A2w=":{"valueMac":{"type":"Buffer","data":"9dji9gN9rB9l1qK/FCgE3b6hW514UWkh3mt/L+itHQY="}},"krNyBwQ0HWDQT1Ogdk6/Z67EOUjST7SjmPiEELra/Ks=":{"valueMac":{"type":"Buffer","data":"atFftkqunGr2IOox3NDfs2B+zJTAx8hz7+2b3tKo4B0="}},"ktyfsaCS1o7E0qEsL8UQAoHGzJeIjT2IH1fca9lTFxM=":{"valueMac":{"type":"Buffer","data":"6V/eTXXH6vNRhXsN9/uh95PLsaqgS+sAiNNLObM962w="}},"kz+89j3IJ7ajRtBOPHtTNp9xu2238hxbL8NJXXTD1N4=":{"valueMac":{"type":"Buffer","data":"uDcM3r8IHLIsh7cju7RZ+4SrcnIozm6buXu6F8i4tHE="}},"k3RIvMwY9HY5PjE83PJFgM6HjHNQhuvRMt4fOv1RWXo=":{"valueMac":{"type":"Buffer","data":"FOtQxmhZl3QHKt5sHgR3k5gh/s2EeoeHHlVaeNXQUqE="}},"k7XdGv8Lqun+l/qXZPtfpgko5spJBr1d5Bo29X8ZUB0=":{"valueMac":{"type":"Buffer","data":"b5+NVv/yYZey75GBoiqwGF/7tTUWAoSnt/dO1x2knKw="}},"lBpalXCAdjQloGocSZX+q7PlUCzIVppUeeqOXRC+cDw=":{"valueMac":{"type":"Buffer","data":"g7HupNxhgHedNEjzjv9y5lgIJPpywbRaEhEy9CFBKcc="}},"lKekk2mhWgkWHzmkKhJAZqOnHUsozQcujwy/ZCTd4oM=":{"valueMac":{"type":"Buffer","data":"AJfG4rZ0tO35xeO5iOZRk0+UHJsiIP/Q+7FQTIkkZ9U="}},"lfJYMDY0LNG7e5BmZr9hCjtlUxrDZiulUQf8F9KDxI0=":{"valueMac":{"type":"Buffer","data":"cq95g4y3dWeocmLhQ4yVmx4bvho5kPHNgpWRKYFiNKI="}},"lhSPSfzl93vEBYLRmThMo9dKsOPwCnSKGF7p6ZhjKvE=":{"valueMac":{"type":"Buffer","data":"sII6Zz7mxFpUM3Lqosep2R3omNnK9hlzq61w9BuIBdw="}},"lkscA0jXB/aeZbF9WXEfb29eR4+eXj3C+9VYc9TwMOI=":{"valueMac":{"type":"Buffer","data":"wXWS24rmGjqMM5JXwkxNL8bqz6J87EjGABRLjLGQS4Q="}},"lvHDlz6c37nWyHR1Jx4wlrBy5vy9w6+2IsvcQR3MHfM=":{"valueMac":{"type":"Buffer","data":"/UhKGDrmMMgXptcHNOhWMOBfRlyX+SLXYaJPCxarfCw="}},"l0MoVGtY3kjwxMwCO1PaSC44XluEZs5bjIDNQpyJpAQ=":{"valueMac":{"type":"Buffer","data":"zrvAakjl0JyMtaCbSJn+2ai4VhY/er9KlSZ2DpeJlgQ="}},"mJ57B0UwrTTohqyL4HKHHWOL+dgUsetFobGZAW5LpWY=":{"valueMac":{"type":"Buffer","data":"RxXyZMP1ClLS3BFtVeCc9o2ZskCclw0n5KgVDqrm6fY="}},"mMSNqKoRNzDlM298ozlWr2zqCyR+DZa74j6GeKdUDGw=":{"valueMac":{"type":"Buffer","data":"4awZyfF1f34K/t0rCdQSsixi1p+aFY+FRHm/g4Cno1Q="}},"mUJnGcFHUdkqlExzzen0hMh7QSk54kU5u/0QPl2C6Ok=":{"valueMac":{"type":"Buffer","data":"O5qolY5Cm5jcWiA8701D6z8fUxTEV1B1z6Qj2IgB4SM="}},"nM2jm+wdBj+3S2uB1yMnB+IU1l42PnDMtHTUT7VnjUQ=":{"valueMac":{"type":"Buffer","data":"dedbc5gQ152MnsVbqn9qlzHNuasXY0AhxJPz4LHmOoc="}},"nQE4G10Vq29e0ddKBhhwNgPn9ye0nq7iiiNvzuQbcNs=":{"valueMac":{"type":"Buffer","data":"RCzcD0XYGdoHLp7Gbp63ZxLtUJsZU8ap4pRFGIfcCjw="}},"nVrjz56Oo53yCOMUScta+h2wf+418CQSi4BBHjCiPu0=":{"valueMac":{"type":"Buffer","data":"dm2LcIGsBZVBziauNaNTOtvqqantgnfCvPvLBVtpJh0="}},"nWi9sK4MzEYvEWgoh+KmRSxJkE6UPgmGqK+8Qp/wUWE=":{"valueMac":{"type":"Buffer","data":"VUhYrYkL8ivtmz3la9wgybkFyMW+LfX6BQswUZ+mv38="}},"nYAhvRTNglLmuEEp1nY34zASR61yNdwIXd5JMarEDpE=":{"valueMac":{"type":"Buffer","data":"Kjlb7w3Q6uTsNNT7POx6bNB45xS3L1Yu379wvNQ1ruY="}},"nYwirZqZdzib6JdKQVM0x27mZkmgiIXBGhZy3x3Y9xU=":{"valueMac":{"type":"Buffer","data":"P8c4VO9dFhZyfZ/7RyRm4wSnsTqlpYHxjmmhbV1V5SY="}},"nc67yAOIjFKRp7i5f0TZdikiyuNQvVtorXC5uUBi81Q=":{"valueMac":{"type":"Buffer","data":"9Y3V+0WBS761CUtQjJZSEfF6A192d9w7wdk5Gms/VE8="}},"nhVmT57Ctp51qhnvm/z40Px9yUHnaFW2Ku1tqenIEMA=":{"valueMac":{"type":"Buffer","data":"EB/6t0wSsyZUir5mmXBVZ43kh0oV4yoYJSDar11y8zg="}},"nlLpuWffxuvAnUwL7uul4Eav8XsG9qQYVdkFVBTR4lA=":{"valueMac":{"type":"Buffer","data":"IQ21flfadvJVquU/Bfc4zW+hzLv0GzidxVcUdo+PN0I="}},"npCZSwMANao7PY8ZJ81GBw3hsY7p7m5ip/QdJxp8ric=":{"valueMac":{"type":"Buffer","data":"DyGEbi3sn1zpyfIPxvF5tKUVXGPOHV7KTC7M/9wvEyE="}},"n1mdI5ZISSJDwA8fAnfZN3sMKUoab68FP8jI/azB1/Y=":{"valueMac":{"type":"Buffer","data":"rprfVEDbLYJBov1V4FYlNXOFEdkiDvClqYdgUTgGlek="}},"oJA/GITj2buqQ7pyhIzprEz+gq9R3WAnZ6KHUh2dIYo=":{"valueMac":{"type":"Buffer","data":"KX1d78cw15CcaCTD1M2Ls51mq+fjuXoN34el6sI1eKY="}},"oLcphS0kKluqlfEaspvR53DUwAt2GNlxcVHaQBSFq78=":{"valueMac":{"type":"Buffer","data":"EODDtHigGRGeJdawjkAVUkWdU/ivdKcYkp6GpuXzvNU="}},"oXPAc85cyIQgVwy10qoP8KGYInOXcKTQ2B8TIXVcDno=":{"valueMac":{"type":"Buffer","data":"vEoiho46StK9BiifGa1zMdfYwHy/VLwoJXd5S6UMPOM="}},"oapnzj39e/eKrqNIrxy6blgPmVl/Om9rxzgAiELFcM0=":{"valueMac":{"type":"Buffer","data":"0wgPZPaiGgO3XTGznsVNjw3FoT4FEiZpwTHJzG1h4dY="}},"oaqOEFpT1et+g9M4zjsljXS9IbYX6X0IIlSgMHf83NI=":{"valueMac":{"type":"Buffer","data":"oZrD8XjY6aFyTL9vxbWsZRl2Q7Ejg4iEvSmpfsvFvTU="}},"ocsMTeK0j/RCkm9eh6cpsfR8QdbIP3Z9KBQbe1qd9y4=":{"valueMac":{"type":"Buffer","data":"dZdcYbCn30ynqUcZtu9jIKlacnxfQauk3xddIobdd08="}},"ody/1brhNBJqqDIwnHfx451gyhDrmNa0zfgJz4D0yEM=":{"valueMac":{"type":"Buffer","data":"wIJF8ks1VzkV60vlDiu3jgu7s6mTUtnOswIL7heUyLQ="}},"ohR/gCfymw6+s+T0aD3mNsQeNVa/nSYaXK221JWZ2ik=":{"valueMac":{"type":"Buffer","data":"LDEvP2cjG44ZL0OJgFpU+AEEoB1Po2CYJcCZnRLNi54="}},"oxkD2Rs1D8HHADXCaewGRpje+Itg8fH8q5nlLW5ChzU=":{"valueMac":{"type":"Buffer","data":"uy3aSZ7c4cA0p5EDwpK8dDnU+cybTjjC7x+T8EmmHpc="}},"o5B83ATbkiEe5nLIYs+fv1i+RESyiB1oit4ozwOCwSI=":{"valueMac":{"type":"Buffer","data":"+ssW4sWNeFVksYdwvUWRl4GMhIDi7b4ZJz3XGJS1Oyc="}},"o7tE9jmZraNCaNvnrw1lgfIofSh7lDNcvi1zRATfv/Q=":{"valueMac":{"type":"Buffer","data":"gbDzotm7VY7h6mej4nhyFOi97Gv4bt8N/isQ6MkvgYM="}},"pKrNXNCcPp4ISvzlLBW9zOTV++Xz+CQ7ijPPBmX4vaY=":{"valueMac":{"type":"Buffer","data":"VZ+CY3a2EPXBMfa1K8Joxtq8oA+muh62aPrWMbQTuL4="}},"pK6ICTm1s4LvKvzI6xRD0GFKWMd1j8UlpxydFGN7pzE=":{"valueMac":{"type":"Buffer","data":"JX6k8dm8SWg/XAxGDiIe1sLnic2eHYCm9CG3jlz/SVw="}},"pQQOwVEAtplowuuEMxaGKxgS5sJNhaP2fPQTLSrFukU=":{"valueMac":{"type":"Buffer","data":"j2L4H9LN0Za78uIMyqgUzVzLuY12LvGVPFA+1NBKIqM="}},"pYpnca8dX29bifhq4vCnNQkd2HtInCh8ljNK5RpENV8=":{"valueMac":{"type":"Buffer","data":"phm5i0N1Bf1e1OiunPTgMBojF3fkURhhy7878UqY7uU="}},"p4Er23dy2WN7oe9NvV8xkv7+XPpxIO39tQv4eP6ALqw=":{"valueMac":{"type":"Buffer","data":"Tuozzele3XZebBoStEUXP6JUmu++KzuNOwDem6v2C3c="}},"p4bbAIe+WhjNVxzoSKwpzSIkuPtq/lZDVrPcXrpnlqY=":{"valueMac":{"type":"Buffer","data":"MbwtC8s+IcXMv9MMNWAst3LaNVjTPGIUlc0QNlFgG+0="}},"qACz4SDjlMlXuHrW3Ov+isQOvnMWC2w+BXqP01PWJGY=":{"valueMac":{"type":"Buffer","data":"O8vA7xA7keNWbcZVnbDcELTE9U2aZ4QFFVU9TyQRXYA="}},"qLVPqiJ9lhkLcosZPDPWnyDNWkYzt8U9ynd6KJwwfAE=":{"valueMac":{"type":"Buffer","data":"59iG5yZUzy3TjzsyHfpRqORbIScsHkpOYSkxKcqydm0="}},"qSQAMrAwG/YYw0SeJgfukONJ5GdxcVwQm4FAzcBrgRE=":{"valueMac":{"type":"Buffer","data":"8lh9bHDlfg5hdotbnyhKS76BHzFWkOWd827x3TkX4IQ="}},"qTpSQ7w8B+AEQk+/42AqUyj5Q+uMJuAdZJxA+NeGbuM=":{"valueMac":{"type":"Buffer","data":"ih1Ap6dy1NmH9QcAdlfM6mUaaaa5G2tM6+zVhJrCvEw="}},"qVJaU8uNK2yVjTKc9apaFBihuKP5OWkvDbVg+NrDjGk=":{"valueMac":{"type":"Buffer","data":"Ce3K4QQAiUpP/qZD0PHlcToz6KBC2NB+1AN0J3ToFMo="}},"qd0VS6FFVObjrb/POsoBJNKmIgFSSoVNYzXWPfGBsXM=":{"valueMac":{"type":"Buffer","data":"SLItjdx5gB45NFlyBdKZtpEEGii5BBF5k+Grk3y/Flo="}},"qh6Bg7MRMknX26n0L2FNtLmLiEFTdt3ENTqTqmJie38=":{"valueMac":{"type":"Buffer","data":"onjL7HRdayrhUDNPUpbkUwx7nwnP8i5N+9BtPTcMJ40="}},"q4DDeBybVFLcZxmGDAuHweah6TnFeTL8VeLujeSWW68=":{"valueMac":{"type":"Buffer","data":"fXfGcmgB9plaAqluGRib+5tGj6z5SKqwyZ9aIP8HGnI="}},"rCc6EG6jCXM9+7LDKCYYj8306MFi5mUHzLEmDDj03PA=":{"valueMac":{"type":"Buffer","data":"KMxO3WlUbxY2TsPQ39uJz/3TZws/UaQTBYOtxWH9GZI="}},"rdz+g3yIq5tMUpW/nL43WsTv703hl7N5wun4RhJkbfw=":{"valueMac":{"type":"Buffer","data":"k/XzNiZn5jaS2Fjig+NSVRs1R7nVMEUpqPkBdaa9+cM="}},"riqmf/JzQ2FuLg7BSGBMRKxD5eAzaMxQP6X0Bq37hmo=":{"valueMac":{"type":"Buffer","data":"f9FfA+TtgPjS8RuQ8gR8PNAzcX1dv4QrhxOawjk9Xjc="}},"rrwXQxgOptY9tsv1CIhmqbt7DjIqm0wyDxYHa962O+A=":{"valueMac":{"type":"Buffer","data":"YZdzPmHVUw+fUoFgenv04WNoRBXzZgxa25kDDTIGfrQ="}},"ruTJr5nihcLqbYuQjWnq11i9TnhWVstiC7r3rjxcNSw=":{"valueMac":{"type":"Buffer","data":"HZav8RaymxtYdfM3pQPk+hyPjCcxpVukW6keNs1eNN0="}},"rz9kebORUvE0zJ0u6CxTOF83Lx+5sOfqU9CDJLIUtUY=":{"valueMac":{"type":"Buffer","data":"sntprpEywsiXmluof0z6GSQCZLTuS4lfZoqcz7M9HZc="}},"r0aKJZcg7jdrX1HeAeoMym/EXnwQSzh9z351RPMqz2I=":{"valueMac":{"type":"Buffer","data":"2bqQEI6BEQB67oPwMz/5zdBAtQQHR+7dQM9PZppqcm8="}},"r9Udw9/IpJI7W7V2QZ9Q5FRwlD54L7cKXxZjpjLQTmE=":{"valueMac":{"type":"Buffer","data":"wW47byG4tbVoJihfRDDYttqho8KFHMizu/5Y9F+rgDY="}},"sBk4CEB96/0pzZgiZ6G1w5R/ew4iJ3a5qJINk0bC5Qc=":{"valueMac":{"type":"Buffer","data":"0+zEFhqxte8mDva40xQAmkJNXOdnyAmJZ6Y9QfwXJks="}},"sESxkfa4C/69HfT4Mw8nr+M6dNNkqKbrmX4Asv/WDko=":{"valueMac":{"type":"Buffer","data":"dSQPzzk6wU1A1Vj1d0pSHufGvO1KCWF8BmeOSX3jfDo="}},"sHgvNyZ/SMyz6PDiibm4d+ng4YEmywQzItGEw7d37fE=":{"valueMac":{"type":"Buffer","data":"F7YBrWyR1ji8NnXmzfWL06TM3AGEdGXidKfSeqer0/4="}},"sJypFzqg6DxBn/DUR2K6mAp+oyA4aoPy6NJjVXa49Vk=":{"valueMac":{"type":"Buffer","data":"0xQm2RMiFTd8s+qDXYlQD2nS6eVbxivB8D+m+fyEGGw="}},"sSp1AeRYIgJPl4E3C2RaHTItcs67dwrVTua1vRhaG6c=":{"valueMac":{"type":"Buffer","data":"OpZyUkxpgIYYlde+NTwDtVKGakmG8R2HR69XdriCXWo="}},"sfz7hRG6XF3A1jjrGSBQ7kgtDeMfqpcX+qoZWFkp1To=":{"valueMac":{"type":"Buffer","data":"fJjTL6Q+W1lKXXDPUVwb2PccuSkoWhyhAIb1CPvgi0Q="}},"sme8iHsaVStYbf1BuqiMFaJPYzLvg3YtOVgJJXxjRxg=":{"valueMac":{"type":"Buffer","data":"nDwTHbnvGF7+L/TpbhDvCYQC9Cti/DCYKG1c3d8BA7s="}},"sqGkg3Ib/P9F5FUX1DcHxN8Reh2OL5i/k5GlySzVZF0=":{"valueMac":{"type":"Buffer","data":"zSjU2xZfvmri9grvYDnp38YeQdhwX23lMvbYvudtEDY="}},"s0Kle2kqUqpMaBWHto/xMUMCaG/fjLQRoHNgDkNW+dI=":{"valueMac":{"type":"Buffer","data":"yO1ROzdWuUKI8o88F4xDwllz8NkyVRPXO0nd6St0ODE="}},"s3cwb6FYzgoDWzOHtoGjhBIjmv7myYaglYkIHpCOZCw=":{"valueMac":{"type":"Buffer","data":"kKdkufEk3c7N4CGZmhg64zBhBA/btEvNhS5ytiQxuxI="}},"s4A9s5UyAz2l6Pq4GxJ2D0O26fQJOJrghM4/UAzND/Y=":{"valueMac":{"type":"Buffer","data":"hYpMJA1lkxcQZM/U1bL5RA0A+LVHM3QpLoxgBpXOBPo="}},"s7bTm7WYQcvk7x4tAZoc8Rfb2AcKuKT1w/kvF9KjQ00=":{"valueMac":{"type":"Buffer","data":"hCYXTuoLnvr6rQ0gELSCDCyyJ9NuZXD41AfuRgUK2C8="}},"s/mws6BdW10GkbHhr70ULJfZahq/q8cNZqfj5TbocJI=":{"valueMac":{"type":"Buffer","data":"qDmOQCGhDZfM72cn0ONgapsKyZF/9jPPpFErm3Xkm58="}},"tWQkil++Z+SMbYLWsxhcxmun0Oj6q+jv1oRndvbH3vs=":{"valueMac":{"type":"Buffer","data":"FIowuxFCbwKNXTpD0WdKisWPHFowA9PWJT+1I9Z8Agk="}},"tXn5K1CRrArqGojQppdaXdvejvdA87js86Nq3fCQN7s=":{"valueMac":{"type":"Buffer","data":"dbubeFUhXkI0thik1OE4Rnx3nCaZZiuJvE55xOcrE4c="}},"txDT/q5PdGMuHd0jZ2pidycGRO+cFy6Vs4BrFU8MAvw=":{"valueMac":{"type":"Buffer","data":"j35XjhvorEyRAtrZtrVHNCirxWacQVSmLEelA3I4bVY="}},"t54+9/wmN899zGqJJwtwcyaahD1aGZ/35y4rUVJ/yPs=":{"valueMac":{"type":"Buffer","data":"zrJiYNNBDjFuqnSp+4ZTEri9jyTBzXrB8lTVbwkssT0="}},"uAG4iHDbnCEF2+HY2KXKrti2gAMZEPmpl5FTr5SxtNQ=":{"valueMac":{"type":"Buffer","data":"RS4SuTaapbtyaMkIIcKLw9D1SdvedEpjFEY9Z4rAyMw="}},"uIxLx8+1sSWT3sHvsCHqcW/dSoWpE78FwpExN+5ev2A=":{"valueMac":{"type":"Buffer","data":"OBdqul5bWgn1LWT9in340V6p2754LLQVayqAul2em/s="}},"uRNW43UnX33j2M04PTCi5p4JQZejNBgy1EiHwH0SrFQ=":{"valueMac":{"type":"Buffer","data":"3GA+nZOia1qIWykYQarkXVqT0+Cv/ei5r2yj2PBdG5Q="}},"unGPXZCJUoeyATWNS0cNUVV3KdOACke2O4ddt2cEQ58=":{"valueMac":{"type":"Buffer","data":"I/rywrEziLckDOPvn2EeEW81DgkNNHkCyiVxJQBqa6A="}},"u0vj9srzw0dZ6ZZzhzOC2V1GqWRYO1ljja++0ch7uqU=":{"valueMac":{"type":"Buffer","data":"CqeBp7W+I8pQHPikUP0dK0s28dfNCNJMRWf8z+srJnY="}},"vHXB1gVQotL+0s+wUyh7H3+VU81XP+PVIP2dB+9CJe8=":{"valueMac":{"type":"Buffer","data":"xaDwSUupihyWXoGE1DHdnxWO9kGNq6tEtpc9Yl1Mzs4="}},"vSltj56ib7UaBqGr3xvKUjYuIrEgy97iVcQfhwsuMm4=":{"valueMac":{"type":"Buffer","data":"JzdHOARkkIT5r+NAhFIRzTs7vfjqjsV0vLnycxnO/mU="}},"vT8IzIcosQTxHnpjOVAunart2zycCHWWktm/dqk7PNg=":{"valueMac":{"type":"Buffer","data":"DUUhB2NTm+FZ50fo8CAD0ZhPQaBiddimKAWoOcrPIto="}},"vcKsQ2eRCtxJ3/QAUgvBE9KHq/DSGfipk7ns8poW5eM=":{"valueMac":{"type":"Buffer","data":"mNhxtqcxFMtA6p148MS2Oymvx8Od1DE9mCTYLm+R/zk="}},"vl87tV88dIxRkJqEi5Oq5MVBYHuJPXiFd4SzvkoXy8E=":{"valueMac":{"type":"Buffer","data":"yz5bQul81qtcSIWtB26DbUWOPduMQ9TzItYrphmGTAU="}},"vqy8P09Vc0HrxVlGlXeuWCiY+pjnNugCxFBPhvCYuQE=":{"valueMac":{"type":"Buffer","data":"L1/ioyUFYLsyMg9bLc5jazvm0uOAGYC+rH1Vm+hI3Rc="}},"vub84vna9ZU7cX4dDjL2d+lxcNqOWJatGUfLO8qMgDs=":{"valueMac":{"type":"Buffer","data":"0WKEG4VKmQey1rOF9e/Qb+N45FULxiOEGcZdcwldy9Q="}},"v1R3f6Fj9tjEtEAoQ/qI0YKvZRteB0kpQgitDXEzGbg=":{"valueMac":{"type":"Buffer","data":"92ZaW1S5M0AIMwCbCHXLBAUpSlC1fsysTq0Vf6r5Bw0="}},"v5m1+cEyTqBK81ipROI3DUBu5DyD8QclNVKi0tmiF/8=":{"valueMac":{"type":"Buffer","data":"IhurebstU1EI76gg2QYlb/Jr8wuL4qq379hkC8JfokU="}},"v6rZJ+DvoYcPXHWyUXvgiuG2VSQje8Z9nyvVSQUkRgM=":{"valueMac":{"type":"Buffer","data":"JcazoE2c9ZrW3z3eGNbKiIcNxXNuZx0abg0O7WPtepw="}},"wAtmnPCuIPQgdlWFQ+1qhiW0alnh77ihk9lpEoV7Doo=":{"valueMac":{"type":"Buffer","data":"g8dPahd8/wTYCUYClQhb+9+Xu6p6EgkLkCY92HQjBX8="}},"wOU87gGpG1KSdFC/wLq8SzCEW4kMtxhPNGOu3pjjUqc=":{"valueMac":{"type":"Buffer","data":"wv6yMozlT87YsXgA9ZYteeeIl+MrW3JUrKn/jlYL/8E="}},"wSDW6Ax3+IuIH4iEvpmMzGNYv0WAMcng1iXgCEQjPig=":{"valueMac":{"type":"Buffer","data":"GVIuT2UzTfTkep1FyXMYMdEngls/LGxm4Nm4BmD72ow="}},"wU5n6Aa1tDbJVTAJtEZJZlsLUHA5l+uQdztvWKOsAJ8=":{"valueMac":{"type":"Buffer","data":"tOcsb1NRI0Cb1wKcX5cOOEc1G7dwmkyQuX2SkDYkCTQ="}},"wh1/eXn9gYBX+M7Y3UK7W5mPzlBQUXByI7Hem3IEd5Y=":{"valueMac":{"type":"Buffer","data":"+bQlwU0pu3bhg3jR+88jy9f1/4khAz+Cwe1wetIzaJY="}},"wyhH5VHdv/F58ESF+dm43wSjY8b5Gl/yHA6YrBh6mnI=":{"valueMac":{"type":"Buffer","data":"sLGyiS/hBAUJBXA8MmT857+1XI/iyfof+NQt8DV6kww="}},"w+HowPYWNEXIRM3r2CGtXrg25nJYtZuF2bauvQP0fsE=":{"valueMac":{"type":"Buffer","data":"ACeBHqqggiPF2Yxp4ffKdSujxJz+Kv9W+MoX3O+M8T0="}},"xGzgKTSDY7vaxnCE1wDolme5I3hUmX5tMvFTm4K8ous=":{"valueMac":{"type":"Buffer","data":"LVmfNus6NyTjmgmdLcJhHchU5xLcR5sW5/9w5kN4uEA="}},"xdQWrZ7pzbCtXEQs+lNXUnfnhTNazdS/EBMefRxzf1E=":{"valueMac":{"type":"Buffer","data":"aHubP5aeZJ1yyUqO9PV5IyXAdnMZa11Q+GyIGUXp2DU="}},"x5+jlXsfGuyl2e2sp3KMmBrEVM/Gm0fC4X4qrZ5WCeU=":{"valueMac":{"type":"Buffer","data":"mG/YGSv3t+Vs6ZwfYIZhyRZQXAsK3nGTlwIj71pYI1E="}},"x/ymQiqt1DVBKaC5IiQEiXnBTFMuLUhuy2+5yasbqi8=":{"valueMac":{"type":"Buffer","data":"/0RSksbtawoz0nW/ktjfdKKexgw88pBKNKJKkNSdIUA="}},"yOBtTQAgOpmHfpmJMZKzAjlaLL8RFhzlaIp0R8xJHpE=":{"valueMac":{"type":"Buffer","data":"s93E0NZgCII4MgMHE/dEggmNhWdOArSlMXn14wJrNHw="}},"yUO7qb0RwJn/92piInrz0+FPih8MikSMiphuTPIFVmg=":{"valueMac":{"type":"Buffer","data":"yUyL52spfGhwuJul9FagAMa6a/xlOq1ymwB3eT/R7Cc="}},"yZXxQayFjjY3hB3I4a0JR+3FbU3uEq3Lf/nBVyv0I9w=":{"valueMac":{"type":"Buffer","data":"bgqTI2FavvtKYNN6NYqYGj4R/O6jnKqKyzDcwLirRWw="}},"ygBo3BUXKIOdOxgWCcY8DQDDR/k9GBLRcZUAmSBqlaM=":{"valueMac":{"type":"Buffer","data":"LxEdsxmPip3DcXqDatlaGFeKpZq/F2aaheU7l7NHwRA="}},"yg4jsrbYZi7mF1K+lt9WEbe/PwC38fwBe85nVOvp8W4=":{"valueMac":{"type":"Buffer","data":"s72+WQsoTdWfCDBudZlqKlP5Ug/8gJIRtsxmfk08Qv0="}},"yma2Y5BU54dsBqomgfoe4frG9JVQIhCxlVwQ9JN8vsE=":{"valueMac":{"type":"Buffer","data":"3YkRXJRrkyxKXJGhUXZAGRA4vIFq8PUIPmg2Ey5SWlU="}},"yqSmiD2D7QlLR2FuiUVvIZURcmrQlQDUebDkN+nIQ2c=":{"valueMac":{"type":"Buffer","data":"pgK4OiDcbbudHazj28gAc1c7nulLlTzrpzVnZGz30cM="}},"yrUgCkaidefeqiUvlO0wqJfzP1BYmh1oRkYD0V3WhOk=":{"valueMac":{"type":"Buffer","data":"Ipy2z++wmz/7nQ2sWqk/FZcicn/VwYspqL8tlfjRKKo="}},"yym98GNXDZnYYnKdjZkTwZx9wze4UICG25HppWipe8Y=":{"valueMac":{"type":"Buffer","data":"vcZM1oONLbiGOVDBqHPL1F/b6bk+PNMotYAFXkOjsAc="}},"y7c/1nMZ3Ul/5Lz3H2b/UqVfxqwmPdjrTKYDbcxCT60=":{"valueMac":{"type":"Buffer","data":"nQ/WF3ThqhqAPpBQlM8NUoMawaCnPVRv7HCOr8hd08s="}},"zA36UQCKqGLHvt7k2T13BKOBUXd0LxKNvs9aVMfh3xQ=":{"valueMac":{"type":"Buffer","data":"0QeMV2+xmxmzln5uNeoUleQZbme+fNVvm002kfxL9fc="}},"zC3dvsFan5P3QINqGTPAzLHX11uBXGzHwrm/LDOpGAc=":{"valueMac":{"type":"Buffer","data":"IMu9rOTF5Mhuj+H8FINWzeDF1RuZeyge2j3RpCgsS0w="}},"zN3zUmknfVFShqFc5QsilmF764XhKg9sn1rVWyeFfZc=":{"valueMac":{"type":"Buffer","data":"LGHOQrJc4kqeQn8klMMm/+HQUTz5y8tmfUhAfdZO/k8="}},"zbrlIhQleT9TVWTIOHdU37Mp2o+OhA0pfiNhNPqRVcw=":{"valueMac":{"type":"Buffer","data":"+wFvmAW59YNFcKCkl5UBMHDzZf0mp0n+u7w62A7rXIU="}},"0DcB+lQuY2myJyjov+bl5vVLqDsDpacQDXgoFi3I+Gs=":{"valueMac":{"type":"Buffer","data":"UiknkdIlfMkGRsVgFJcz/KqTNaT13+gqsSN/6i+4Yso="}},"0FjGxHYtyFLM5AsmzAA7UFTDigeO78gUWjf0J44Gnow=":{"valueMac":{"type":"Buffer","data":"e2oNJjnwwEpFhsnsNrRLnevyPdBImDTP5BzBNPg6V7g="}},"0I5VEYPOOvlUV87VLycLcKcO5OGNAfmt3vqu3Z9q78o=":{"valueMac":{"type":"Buffer","data":"8HiMPU7LyEIp/wY/OhyYDu0Un1fkuTFIFvsajLZ0OHY="}},"0NjW193yYwXjbw9jA4GBHxCjpQnu+dRWVbCILre0bFo=":{"valueMac":{"type":"Buffer","data":"U6/yjBSexpZvAydHUnv6Eg6gIOCAmQ4T7LhZwnpSBuE="}},"0OV7/TnnnDiPcuEfsRLvlOgHVmKY5qW+gN5lf76Mddo=":{"valueMac":{"type":"Buffer","data":"fhO4bJ6ZaH74TEhFXLolvRUl2oPr5vAce3Skhsck2SA="}},"0Q23ncTKh9LRn/P0+D5n15kYguYTNtBKIDas6YCeC3k=":{"valueMac":{"type":"Buffer","data":"cantrilBebnJJocLkz3BuwHP8FFEaUIeAvKvEwLyq9o="}},"0TgevCBKHN40HiOunT5l65iB3mcH794ysIfkF6wtM2I=":{"valueMac":{"type":"Buffer","data":"qVlQUqJEJNSqJSQ6zF/UPfU5imq/JTcQbzSpL7UOkQY="}},"0a9dQ+66RDmHfXfFH7STB5tb9evNmyIy2x15bmww77A=":{"valueMac":{"type":"Buffer","data":"qVTTJDED0wV9x4U62y5m5/e+YCGmBkhAwwgZj+KD6f4="}},"0bTSG/MNsR+gn5dlatKO2L3IRpiX2/u0KcOeN7pX5ms=":{"valueMac":{"type":"Buffer","data":"atggUoqPVndfdMT0SDH0iy4beclIDhCToFUaWXERK20="}},"0nvvzf2OsLUgGiyY6Ke7QP+D6ONTNRTSOv3fZGkGayQ=":{"valueMac":{"type":"Buffer","data":"b7vxkeNBP4XyABs+7yORj16jOcDvdncpCc63od6hlTI="}},"0qtXbDlvjPsON5iLblEMZHBMR5oVOBChBg/HeT+9x7E=":{"valueMac":{"type":"Buffer","data":"uk2S1nqsVhBRMafZ/3y/Lk9U7oWovcNlO6x7UsIXFWY="}},"0w8VPNbzkmRWS7yQKoZ4vEcGCCPOICOa0wGtpO1M74A=":{"valueMac":{"type":"Buffer","data":"B4ku7PkJ++g8tMdQEih9iJp8lTBfg+fb7UPR0DR28g8="}},"0w8fc0ExXhvp2gTApVZmRBDbAYNF60eS1NXVs06gFEw=":{"valueMac":{"type":"Buffer","data":"npvcQIs+oA4M2gGBISVD5jq8+bq9gu8Anvs0J7D4oCM="}},"07IiZM5KF/l1onjPM8t89wZwarseSycsX/YedrMLkUM=":{"valueMac":{"type":"Buffer","data":"+1v69dAmSqMmz3sZsRsOtz74rRamauLbB3rPAbuGLA0="}},"0/kMOSMKJv0QC8Epin66t7rrhGMlMrn410IgUCycHnU=":{"valueMac":{"type":"Buffer","data":"chozggG0Gv5O+tm42Ktr/W6iAvY+UBO1wFcXO03vaI4="}},"1C07A4LBmhLgTrtIxOG65GsZuBr16adI0fRCBIEJ8fk=":{"valueMac":{"type":"Buffer","data":"lqQwVN64btpwOfy1oW9wX4G2ZHyxr+VQ8HBk7bYNpDI="}},"1DHEIh6eSruBqDzKzMSdCCD7n9BqmV3dHGojDPq6wuc=":{"valueMac":{"type":"Buffer","data":"baakQ+xMiyGovEq51HvGA8eefHDn0rrrfRciki58wLc="}},"1ICz+eU/ipbgnFADiuYV1NyO5KlyKE2Lk++aVvSPEUA=":{"valueMac":{"type":"Buffer","data":"u2NkqNpgPPQc0PxMS0kwNy0jLzwRipj94a2piSKaRxU="}},"1Qy9f6auLFwannapeXKhXpB4rZHHBZMC07g1BQAc/TE=":{"valueMac":{"type":"Buffer","data":"wgY9+Dn2eFBzRn/CAZl7xp7HqXWhZR0MFsD/V56377s="}},"1YrD2xzGxnFaQRYX3/zyXxsKKWO7do8NKvhW8PwTyyE=":{"valueMac":{"type":"Buffer","data":"0j3s9CEQPSMOgtBE2ctfEMpfNVXA3t+9XYcza402/Gw="}},"1aH9683ff60A+Xo5HNeH+JT1GdtEA+Is2g5IKyoK+JA=":{"valueMac":{"type":"Buffer","data":"zKDLSLnRVgsjEsLHL8J0ZVE7LqxlECBIDvhzbn76Kt4="}},"1cBH+V1q2jPeWwF59qdg2KzINvfmY5Jc695y1KBsnN0=":{"valueMac":{"type":"Buffer","data":"UNZ+W9xEZp9K3XxcQmboHhz6VCbUDcQpZwC3nJNXn00="}},"1dZfSMr5T1+cWCT6emTXHUooQd1ii4cLI4wwn9R5U00=":{"valueMac":{"type":"Buffer","data":"HolCw+BcZsQ+Guj8vofhwy5yI9x5cfegBdFKoOrpAMI="}},"1hTHrgnS9jMm+g4VigwoAjViFeBhgyedJg60kgDcNdc=":{"valueMac":{"type":"Buffer","data":"eOJEWOGyKZ8jzrGfFcA4lQ0Fl4SWcG2YYu9C+gTF3OI="}},"1lAmBWbFQvBVV8KfOFZD/UAseXKNnJtzzpYDB/4Bfk0=":{"valueMac":{"type":"Buffer","data":"ut/Bf92eNokiYsHmalpn37f3dNP4I5PshYdsKw9PiFI="}},"1o0QJx1UzIrQiHr2ou9XVmlqB48tkhWXYTwK7MvwlC8=":{"valueMac":{"type":"Buffer","data":"8WC0a38LeIuDCsO9G9t9BZGKniRYeFW5lVdMq3rnqnA="}},"1xSdvdpm6StJZHqBKxRHzPbmQk1DvdhF6OA6XkiWpds=":{"valueMac":{"type":"Buffer","data":"PrWQHEEq+GOnAhY6eyWmKuQ7z0XwtIxkIaUHQX1BoOw="}},"17YNqCND+B5X/8oVu8f1QoM/vnid1eGmiF8XfeMmoXM=":{"valueMac":{"type":"Buffer","data":"rCAnQt17BnsvISzMEGFIfUXOxA/gkpwg0/QONEZoiG4="}},"1/5jTDy80964qyfEx22A0Ns6p99q6Etrl4MHWVUliKU=":{"valueMac":{"type":"Buffer","data":"O2M/ljr7RWjnzA7+YRsmgIWGMO1YPSXuIljYBJNBJDg="}},"2DRph8pStke5DVY306jzEtgAmWk2CweTDHKaKEznzYc=":{"valueMac":{"type":"Buffer","data":"JEtC8jcZIKQ0vDc01sgibUvmTBgSvWtQhX8It4KH6ew="}},"2GxtGorJYZwzCYVhe8XGv8TCziCFYf2l/ydwXs/87d0=":{"valueMac":{"type":"Buffer","data":"tNLmLKQXzEPqNxlQIRJRiXzqqOwZIX1pxW0YRb8GEyA="}},"2VXWMuiTIqOToLIsaiZEp6txAkidqJzfvON2rR4OqeM=":{"valueMac":{"type":"Buffer","data":"XamocT70UBPqD3nrzX2Yr9PZbGSK30iqnf/3ufNZak0="}},"2pvuBK40mzq9LJYQyXGEfaZYyoexIf7JFbt/kPzPy3U=":{"valueMac":{"type":"Buffer","data":"JTp56c2NHZExZjS1Fp7HhDEVpEwJ2UKblZ6/fxLhiP4="}},"2wtkJ0McMYr5nXz7aM3SbKWeF2QPF22Y2MRC3rYa/Og=":{"valueMac":{"type":"Buffer","data":"IYh0+NyCsc90wkImG+9Z9JtoKhuiEbMy/GjhhnPcNqM="}},"22Vd1kLxKVIxfPT0DedPIUOguipKBfNtZ1eIA8cylZ4=":{"valueMac":{"type":"Buffer","data":"zBnP1nvzEQ/6RVsxPd6g+Ro9Jei5Fgf68zshm6hobSU="}},"23/3vzx/7KwI6Wzh8ymEScJMNDy3FkL9Le8EDxQkZmQ=":{"valueMac":{"type":"Buffer","data":"jq8gNr9TnJ4qSsgk2TqRv212DNQtR8SkYyEoX1IBHxs="}},"3AoAhqP0owiKSXQ33tJn+MK7BliKQzZ6D0Vv1xPaNVA=":{"valueMac":{"type":"Buffer","data":"OuEccdhIsDIWw8PBlJq76Wfk+Ek7yv1V/oU3w77bXv4="}},"3BYyDjXzKXmlgSvNmW+20juIb8BFiffWT/SR6wjpijI=":{"valueMac":{"type":"Buffer","data":"ySLctK+ELqsXjmcdnRhoioM5k9WjQPrsPPw5EDgNg2M="}},"3BbIV3EZcJtjSd78BQtAo6EWqKD6Yx5j/nHM4F2key8=":{"valueMac":{"type":"Buffer","data":"qVvdE4lCnVu6qrBVseyMO5WRWCFuFDd+exio+UpoGLI="}},"3I7b5mJ/78EscGvNILl2PDjJrRc5Q37KN1cB7EcXSLk=":{"valueMac":{"type":"Buffer","data":"78RpViWoJTbz6EYMZc9rTCgKo95R5Wr3nh5nPGOx1nw="}},"3fIz5YTiuynQls9RbXXlpR2jkSIMBZrZfindBjeQ9qw=":{"valueMac":{"type":"Buffer","data":"8MZQYWdW/QvbcX3aQIDpzJbxGhwHPhBLqRt18z2yLHM="}},"3pgldim79fXh+YEeEsyg8R2/WYVq41jw3vyG7JZVUks=":{"valueMac":{"type":"Buffer","data":"bVZ8AtS8mn5OCRJWYs0fwZWaHR2uLe0UuOgMToncc/M="}},"3uD1qa9ObTJF4urRC/fbwGs5lbPh7M7HSpRN+kdw0dk=":{"valueMac":{"type":"Buffer","data":"ruSxnNBViWi6qe/2KuBJs4rVkQEDQyi+b5kJZKY0k/8="}},"31oBgVvYUQV6rNDaEUsokniZeoGAkuJOynypvAA7w/8=":{"valueMac":{"type":"Buffer","data":"7x9qdAlsny/Okh6yAX77c8elnCV0Jd4juyhA3QtRtyo="}},"4AhxFZgYuUfU4Kd7C+ZWpL4Vz9bHAi9WoKCAoXpX7WA=":{"valueMac":{"type":"Buffer","data":"gXku/ic6E2efE0Eke4WxFPEFwPqusrcmYCg5uq2YA1w="}},"4kDN8cYI7uhDUfDVwRrULXAa/e0c0I22U5AZC7YoW5c=":{"valueMac":{"type":"Buffer","data":"L+dBCU6gRspN2zEgOQqm1ikynYDyg06B9X5GxsMttaQ="}},"4ovr6rVzXgCrN33kv5mNLV3MjUW5b5g97sljNBS3n7o=":{"valueMac":{"type":"Buffer","data":"6Y6qBaHdN8tK35hvVXZwInW4QIUso2+YcYfFcL1CQNk="}},"4pWKg5FsQiomuudWPHDuxUygkTeLqufTue28nDSDALQ=":{"valueMac":{"type":"Buffer","data":"XDXCu2ZF3qSvJ1OPOSPIsGrnsR7VaybBGOWhmklxstA="}},"4u6w1aQZ9Orz0/Tc34CBAAH34MfEQJvCg3vM0VxJjYs=":{"valueMac":{"type":"Buffer","data":"F7svPQmI1JbB+QETfwutds7XRfRNBD5rmkBXz+IsaMo="}},"41oslRU/BUtbDPnKCkALO3QxOwod196dvvMfqW4g4os=":{"valueMac":{"type":"Buffer","data":"55Q+IiCftKyysZiwvmctmlHCaaGfl7Oh1HEg2OCt11A="}},"46etYnX9SBwLbyVYeVGQYZTtZ4S/jcS9hxHm7HDBcUk=":{"valueMac":{"type":"Buffer","data":"Y1Z/qtdACsD0aqFXvkQWaL9LD+6+/fNFmf+nhPdRpQk="}},"5XBhtGv1R5Ga0Evr+LJo3EJcFKglBJUtT77DA76OD3A=":{"valueMac":{"type":"Buffer","data":"EZJgtrQ0lIDb52RxNoLQDj1cv+FXmRN2BS15r+qDU0M="}},"5eQ6/sWkxRj3w3KKYAeNXLZ5xEUHuySS/q446mV3nqg=":{"valueMac":{"type":"Buffer","data":"xX4l/kdGMlzs/l19rKuckd2YgKJ8QX8rQOv96J2WjXo="}},"5gf01Q5ZAlgwFzpRClaHV3iQyEDvvINwSPA9kQ/shR4=":{"valueMac":{"type":"Buffer","data":"nvGGh1rWcavZrDt09RoFmiJZaNxaGSLR1vYwv3Exqr8="}},"5n4HxnWZLrEQSHHkxfoBC6ixMe9YkHaw2pPWg0NnTKE=":{"valueMac":{"type":"Buffer","data":"56gfAhhv7zEvWovE096AtV6SuJoK/rwKqkyDKZNyHf8="}},"5uSJK4qxoD/RwBsYRLbth+T1CW8Km6MzIDFTEFR2S6Y=":{"valueMac":{"type":"Buffer","data":"NAEyQW5uo9ShEgYVnYIPyu0SaAaV7SUe7r5TLh//YFk="}},"5xaB0gnJBbNE84cNDZYB9ZcNV9S3NkAXMCmCgbY/YGw=":{"valueMac":{"type":"Buffer","data":"W+bI3cL8jjo8QKv39RYIzuM+2Cd7K9eS9+8eM7vokls="}},"51BYlQMcbF219Bphny7ZKwc9A4Ca4Kegx52gFdAA+5M=":{"valueMac":{"type":"Buffer","data":"5KUObxYmTcW6MLvSOpa9eHV1rltv7Q2X9XchX0YtgTQ="}},"54tOSduVnpJnu+7rgiVf0T7Mg0OLGC2E3zYAVGUuqwU=":{"valueMac":{"type":"Buffer","data":"8zLf2Yby5XObmquyFEjX9zHK4SX4WbpAiva0hW26qHQ="}},"54u9eUCMLwPntSh20eYommBehT4aKptYttUNMrhaJyM=":{"valueMac":{"type":"Buffer","data":"cIGzSpn30LPquURppGWXUZQF0S5/GSlbLjpzL5U6Jfk="}},"6AxXynRi82M4INEf5h0A6KJRkdIiBM7GLZOv0fFY4XU=":{"valueMac":{"type":"Buffer","data":"1rBFFLlCA/Rmp0xBPsj3qfaxvcKIgoFnNYJ94zOP+7Q="}},"6A+55OjLSmW0uoSBie66SvWl65i3ItLVKVIAJi1gHLk=":{"valueMac":{"type":"Buffer","data":"IcBd8Ja+D8QfTGVIURFlRvVEdl4AOxSgUEteu8C1IdA="}},"6IhnbwjRg3PzsBF55RZEIKBfLQQScJ5ypzW9HP6QmNQ=":{"valueMac":{"type":"Buffer","data":"mXHKuNvqE4J7Nm6yt21yWuu/kwDVe6nkrm/XgfPmOAc="}},"6OFWJ4XuEl9mFCvP1GM4yXdlrws9uMEdv9b4YgwTSKY=":{"valueMac":{"type":"Buffer","data":"Ms3oTPYUHhGcWry8RBh3Oc+IJUhJCDudpEAbMP96IjU="}},"6SdBW1BYCU4iotHnS+syRuA88Ip9C9aStm+62RRtKeE=":{"valueMac":{"type":"Buffer","data":"0k13qxA5pZLRJf+xopY5Wk6zjtzeNWFS8hmlpz3Af9o="}},"6b+oXKrBFgrea0+9WQ77fOnGT8q5z/xZMFG3VZEWgg4=":{"valueMac":{"type":"Buffer","data":"NVQJKzWIV6lScdX6XkgMP/FPMfXxtpApzFE6VF+hCJk="}},"6jJYO2ih0NCaM2qrfD7wIDFA0FkiO4g7ePmawupocn0=":{"valueMac":{"type":"Buffer","data":"l4TaSFvWlPPu2vxsPILLE8/jVDZLACs+Pba1mHyqa+4="}},"6qHMMGZMPtuY6HowyJkL80aeNccNSRmFJvTk9PRTK+g=":{"valueMac":{"type":"Buffer","data":"d+3vRP/ePXn4dRZGu6zlEqS5rse4R6CCvWwLcTQcA2Y="}},"6xqf9AC3WJkog4FCJqfHspN8dixSqlCCjMkQlxzQAQU=":{"valueMac":{"type":"Buffer","data":"GaUB6NQZc4GfuObMpfXg4l5rgj4s7nhBsAB8GV00DAE="}},"64QVj/2HKdi6ekPnJcy5k1YszEDvXXFTmnEL1JeKkuU=":{"valueMac":{"type":"Buffer","data":"DJ/1gfSkFDy9Vw7kddNqWUGtxbAt8AQP/CupbSsqPiI="}},"6+xU9zMjA4NUztTSvi90iq3vr7sJTKcwV085KrMwgH4=":{"valueMac":{"type":"Buffer","data":"geo/N8+SsYonUpY9NOz9YW/20W2BJA0Vf5Jt72bRung="}},"7G5uYTAclua6YOINImsoB7DdJvvSEfYc4fntY9uqe0A=":{"valueMac":{"type":"Buffer","data":"LFmV79fLgZPozZDPxCBU9JbihfW71DR6JXCrdL32ZMY="}},"7K03mqdVYKrlmvLgkyKJGquE1QLgBJ9dyhp4NQHda1w=":{"valueMac":{"type":"Buffer","data":"TnBamF2scviCYeYbiKJ/grHaYn5MUYl7OHq4mXxeZK8="}},"7QRYKFEIAP6JWoJxnmXgdLDsXEzXFxj1hTsd5ZjCM4k=":{"valueMac":{"type":"Buffer","data":"F/0ARcMKqx1HJahiI57lxe2DkztgkXZe4SEaUyEdFps="}},"7hKN9LpccmhZbCGe0uu8sH+Yox4bIJfBmRSVqLICigs=":{"valueMac":{"type":"Buffer","data":"y78oUmAepQ3YHuqPJQEp16YHqZjJCx2sak5K7/3SOsA="}},"7kzswoXsHcAdGvdH40oT3GLnwA/hcRJZcXjNfrsrhkc=":{"valueMac":{"type":"Buffer","data":"hnZCGUWlBbPNzW5K9VbH4urxJTTdUQZxO36sERg8tsw="}},"7lmSqLVfoxPsAWC7glTr7P5tdiUXlQkAuruNXuyInX4=":{"valueMac":{"type":"Buffer","data":"H9OhQzj7aZIzvZaiWfXEW7aovLlxc9QJAY5kB61hWvI="}},"7nd+zMQswBmm03KUok5bNA4ZcGwxEMsglTf5rVNqSNM=":{"valueMac":{"type":"Buffer","data":"DZK5z28iLTsn0WGxHJTPg7LshyLxu6DkIGZkbf1PmKw="}},"7ptjGwQkdhAXmJeWXfO5cjPV7L5XBDlfQ3RkxfOfcss=":{"valueMac":{"type":"Buffer","data":"CBdql/LvAQAiOf04b0FwPUTmCbX9tWGoSX382IO6XX0="}},"7yfafQzde/14Hn/gzcjd6MIxFhasOv+oPQouM+sDfLk=":{"valueMac":{"type":"Buffer","data":"On5Zmc4zpAM5n4/08etZ0SBFXNEksax91PdqZ9hnudw="}},"71JtyAAmJYg2zEL4aYfLQRyrvDhp0vD4csJTErh4NgY=":{"valueMac":{"type":"Buffer","data":"MWjCKxsdF+D1QJKz86HScAD9DrdjM0On0XLulrFoPAY="}},"8AL387bX0VhHlQSAx0gmsUQGHNKHuEWAxshTYLVcM3Q=":{"valueMac":{"type":"Buffer","data":"pod550yGEO7W9vo8KMbhE/J4cG1QYswBvj/xG9SqVFQ="}},"8GTcOqdNr4M/9biPqOAKZIP7WUMLSWV3uH4c/nAFv9U=":{"valueMac":{"type":"Buffer","data":"E7YfSnid897p/3OcUiZbRaeGGS58cRyN6CVKCKWauXM="}},"8NSGZOTXBTUyWic8tKYNhQTKYReHPwThfoL7HfyPliw=":{"valueMac":{"type":"Buffer","data":"YS9IaoHI4lYZpn5xtL9oM1Y6AcOoyzW67aBhxSlV2TM="}},"8R50lM/WuG74RV5rbY/kR/z+3LvBu3L5q6Jggg2Ae0I=":{"valueMac":{"type":"Buffer","data":"j2tz+VMZ/BziZUfxdeEHhXmbxK2UBwZgh5yICwC9UAo="}},"8SXKoTieopcz+zVaQ/bwaOAoV+ejH25bhYb7xw57DRY=":{"valueMac":{"type":"Buffer","data":"nDjvdd0yAjb3IGLbeycbzH382PCijHSKQlYacr71IyA="}},"8T8BYWBqrYbyaqGyMnAzZzTY10cwu5h4k1299y6xY/A=":{"valueMac":{"type":"Buffer","data":"dvye5W6MAw+qazPI9Fv+1C+M7xxJ9ylUBaI3zYGdwys="}},"8W5mh0vZpzGAngiRR+t1kFmq8rzXB8rf0xsUbQrhZEE=":{"valueMac":{"type":"Buffer","data":"XVP7GbiXWU0ZCN086VUy59aJkgWN1tzCJbiX6BjzWQg="}},"8sdwWyhRdEFK2u4tofWh1yK9646QIQ91wspCGVZHz+8=":{"valueMac":{"type":"Buffer","data":"F4a4kgG8Sv2x+bD2JXC5o0S/zd88pMNLnRqLER2+kK4="}},"9ItmZaBQl8YG07JkHC59VAR1aSLNSfXHsF5FZIAqSDc=":{"valueMac":{"type":"Buffer","data":"KZfKlJd8oqEk8lExeDy17q+QzU7iZtsKiQUucYI97S4="}},"9L9Du9+WFYUYA2bY88DzHAsNoIYWOeDh2n0gQYoYUlE=":{"valueMac":{"type":"Buffer","data":"ZAiy11M7XLUMPGAH1Lw5U+B9QN8AOlMYnAb0B1/aWKk="}},"9QcZJ9HGvtZG02FDbivarXNhzjfAzdJrIazV+e2BOUg=":{"valueMac":{"type":"Buffer","data":"cuNthStseVTBBhOcm989OVaFH096EO6m/scmM6j3JRY="}},"9anpPHsvCUFgM/VRPl6MQc6sWyfWCMbuHKGnX0gT7AE=":{"valueMac":{"type":"Buffer","data":"57VhgImEvZBxnzuNqCGAJa6Bgkf5Nnbkks4sWwHx2KM="}},"9gPEzTp64fqIu4lepeqqHYvyPDFutfya6Af1GRpFetI=":{"valueMac":{"type":"Buffer","data":"NXSz9J8yiaIrFcQ97e5L8c/d+JMl/VxYTM5srlbvt+w="}},"9lw49iu9VHJZ8zlGSY9wRyNiS8wiqwosYxLDOK+5FQo=":{"valueMac":{"type":"Buffer","data":"B30lGdvhD5WQ+LQ4bEy2UPMAg3XH3HVyWMYb2rVSmgs="}},"9pzZpPHfl2fcVghIR0HHXIfaeYClicLotWbLtwpcPbY=":{"valueMac":{"type":"Buffer","data":"TBgnySGSM6FK43+sOnbG4xmvhThWguU/Pniu09OiDdw="}},"9ty4BK9uaDLsz8Onf6vC/M1rKEeGSaR2gHsgVf+T6YQ=":{"valueMac":{"type":"Buffer","data":"7np67Ll/nBwgbqJtvB9Uyp17Q6nD8x+ESkcIqsSjq3I="}},"91DW2yZ1isoQ+cc20h0CYZvijhj6DIWHNaaM9jdguZ4=":{"valueMac":{"type":"Buffer","data":"3IvKwg9UrSpITEAJC5QgwSp6bYZUPxv+jiebjEDAE5M="}},"9248OqASD/YmSheloptfBhbRsxXbTKYT//vSuCqNwrs=":{"valueMac":{"type":"Buffer","data":"L2unHFZB2tLkWD0pbp0SBx5eyunLoyJWcDdmRHrJKmQ="}},"938RrN0/XhevNBzu8fv/gqhxmDlJif/B+Skr5kTXfqw=":{"valueMac":{"type":"Buffer","data":"p6ekhhr/Wb53ACB+7quI9w90cf+giHwZjwN00OGT0yY="}},"+MYwWzLGIpjB13EPR2h0pCGCCwJGYev0wTYAYcLMDYo=":{"valueMac":{"type":"Buffer","data":"9/6X3OjsuzR8Ntfp9D+TUdlDCCqbcqiF0JH6Q5bjNi8="}},"+ZdQSWPjaFbbgk1qLz4RVXkC+7/pnUTox0gshEa74FM=":{"valueMac":{"type":"Buffer","data":"WCAQos9snHZ1DqP8jLO8f675DwoNrm/KhS/AUeH9HcQ="}},"+dMoWtpi9VT6Va/XhfmzirG52TOw/+zdDx3oJKnEiXw=":{"valueMac":{"type":"Buffer","data":"s/tUAVB0pJOeNUeQhGAlM9ZRtCEmOKcf+nStfmFgNf4="}},"+eEb7cYLdDAOQ56wfcf3EN2ITefPjX52L0Xwfcd9ry0=":{"valueMac":{"type":"Buffer","data":"BzAlRvebve3UqmWNL5XHk8nXQhj7k2UBEGilXUVPHWo="}},"+pb2LLem+zUko6s28xmo7z5Q2TUKElAbe5eyWwympOQ=":{"valueMac":{"type":"Buffer","data":"JjKv5/VfhL82GjAS0HLLsROVz10rfZoKDVXqeohKg8A="}},"+6AZzeI3Fp3kvrQ7akJPvYqeNKbbB+XixEW2EUYsVm8=":{"valueMac":{"type":"Buffer","data":"yQlp98Isfq5pweJwA7lMM0ez+8hnxGOW3eyaVimMBeU="}},"+97/ZuXLOJtNH+Fn0kvZ0SneYvvhfZgfePO0eSifFno=":{"valueMac":{"type":"Buffer","data":"47RM8N+x6Z4eZpMQEleNfaS98RBsurvYq90NUpo4sk8="}},"+//LQje4hqxCl9e5Bsq5qLtcgRrj82DqglMA++pjuzA=":{"valueMac":{"type":"Buffer","data":"JznozXBS4yGs5+UUXThQRtpwFeLP9fpQh9vgg9GpNlc="}},"/S0M0O+c2Z55rvVIT8xgTCfROooV2ShdTqYYFFaspLI=":{"valueMac":{"type":"Buffer","data":"wtWqLNTADY+DFNBUOOyqfLKpzvgFoLdXPsPoEl8y0nE="}},"/dyJqAPAPF+A1hGdMDbkh6wNrHUFiW9i9Y/7dqGqLCo=":{"valueMac":{"type":"Buffer","data":"HE+GPfwppctV4O3S5+cZ2zRrZQ0162mrbgTRjbeNWgw="}},"/itf1rG5MxUZRjiuDPiORVnra35uBDSf5nftaKn/Ofk=":{"valueMac":{"type":"Buffer","data":"L3orZN6IcDbgcgAPG9VDBjWGmK9Rq720WZG4JB/bQ3U="}},"/rG3Qure3ElTdW8JGWydkRRagUzgKHvduACDY3QJl9k=":{"valueMac":{"type":"Buffer","data":"Z+/qLQ+TrKAi2rJdCWBSUpxhCjCeIqLJzqaZKLWlfGE="}},"K1FU+brp137WYSZvFBjsH3nUsx3vgNGRE6IJ8LkvUjA=":{"valueMac":{"type":"Buffer","data":"0UmPAZSSApM345pHFnpVKFA5b+JQwppTnFZvMfxkjNc="}},"R/cs21qq/xWGMnUoump0DGxflA8x8wlao+jSEnhV6WU=":{"valueMac":{"type":"Buffer","data":"lm2k6UEX2yHh/aht7BOw8WLxDB4l5hFJ31MdcjyY2WM="}},"P+3P+yxrmLIcz5WW8kAB2yqxP4wuQdY8dNQ3JIu8J5Y=":{"valueMac":{"type":"Buffer","data":"/o2trWMIJeZpxTm+yK2YtTmqSam6DJz/lIKmU4zQQKk="}},"Zm+JDlyaxcFm3Jy3DNgToX+NOx1Royd3hDP5XgQgoj8=":{"valueMac":{"type":"Buffer","data":"uS/23HaeVg4KJLu4X9b1S1Z+HphuICGNvQeuXQ6aSNc="}},"ECetBvoBkPehJFe/pc6aVPCXp++Ewjk9l1t44PqojYI=":{"valueMac":{"type":"Buffer","data":"kM4oX1U+V2YSphf7VMhqdPlz69EIShLUK6QLSzbgU0U="}}}}