{"version":29,"hash":{"type":"Buffer","data":"xpO7WuzOn3bILo3dELyYn4t9ANxmOW7gJYMmX5ABwkQ/8tAFmhptBZ/rxUD0derDFy2w1KyxOMlN6gmBpaCpQIrEuoSp4gA8y00Bm9yLssSY6SdbuMsnKnprXFSPZq+41DN764h/7g28g1BXpwJ+uJU/gdBP109Gp3sPNPsgEGE="},"indexValueMap":{"A30r+Ii9mtWsCZgL+JX69y+OzHhePcFsILQtNsV6jGI=":{"valueMac":{"type":"Buffer","data":"wC0wM6QOck05t8YmgYtK4m4U/HiGSpRA8wyPMrV0lU4="}},"BfbQJ8jTcoPPsZjBZI2R3VoT9QEzJHH64F/SuTcVpM0=":{"valueMac":{"type":"Buffer","data":"Y5NsbmJJOHKgSXEfQga02h5g14UaxyF4XFOR7BJvZ78="}},"ButU8s1TKKqfDTby3UGxmtzrcE0UYgk8whMbU96jMbk=":{"valueMac":{"type":"Buffer","data":"35tMmqdInAkwki/KBuof1ggfMtVIMfImSNUMWTsHzmM="}},"D/S2Cq/DyMw9QFWx+ca8B47fn/1l5EMXjt5ljrNqHOs=":{"valueMac":{"type":"Buffer","data":"/FPKy2ZV6CgURQECGZeo6diZ4aUf5ZbOnuNURs8ugUk="}},"FjhXg8HQKEzcSg13xNWMjk1iKYCwcjTyORyqEvukGUc=":{"valueMac":{"type":"Buffer","data":"2wFlTcEcuFZpnrxkEuPedkAufunCamhkTwdkSrQ3z3A="}},"FtmImM23awoiYGUtXNnbNruRy2ol43SvTiYEkZCvl/Y=":{"valueMac":{"type":"Buffer","data":"W7+33iO7jPwYCBo5Z8Qi0icOtQuDPdUADoZwrO6TBnI="}},"GthwBFvrA0JKjEiLG9+K80Yx02XRf5o+45pUldyr4RA=":{"valueMac":{"type":"Buffer","data":"4vDqtPK35bmypI+cqZkHNDuJs19FiqcBUDWUgVKwaq0="}},"GuoP9o4rsGxWt6PTCepf0IlrOCY3pe7rmZmnBqQU4Ps=":{"valueMac":{"type":"Buffer","data":"i2yKAuCxT0LzAjWxL0tvRq1SpY1TL8x6941LShZouBI="}},"HUSjIrmn3TPCe3AYnFA8Sm5Ga6hCQ2SkShI9DpIsBMY=":{"valueMac":{"type":"Buffer","data":"ph4eIPyJN3X71VFjaxVoUhvJPYpVaWFDuqp89jchh0A="}},"HmxScrbX2McI39Bp7X/wmOBdMxtaYjHc3GMADqASpuI=":{"valueMac":{"type":"Buffer","data":"ZIX6IVdA7jrJxJ6yrfLRQAViY8MNIgjlaTXWfcmMNX0="}},"HsYWSbAY/JGf4DfVqwC1/QvHP1zB/c4GOXHYG4u4Jz0=":{"valueMac":{"type":"Buffer","data":"rGKL1/PYD8x1GgXHS+YeUEDzLGx1gDQs3F1NIwzOKUw="}},"H2Y/aUvwQ1L/8Twp53L7Lmimi9YP0wu10aKffhIFP6o=":{"valueMac":{"type":"Buffer","data":"Fwyk+ep7okWUSuTewSKvrT5paNUhEWsy5x0izaea0gY="}},"I35Fss6XEmUWWWEFrseSa6KhLOt1nzOjh3XZNbiyKMg=":{"valueMac":{"type":"Buffer","data":"ZoI957UpGVy42kBDM8oAKq21jf0hFG2uvm2LsLDk6Kc="}},"I8kwUZZ2OLStujP3UIdGkHLyGaZqd9/KZObDD+1R6fY=":{"valueMac":{"type":"Buffer","data":"HgLFTNL0BCMkdTJuu5Z7yHEaeLjw8IBEPyx52sGwSb8="}},"JL1vyM29yUgiIXwD89gRoLxICN+PYMR0Q+BiOuezcEs=":{"valueMac":{"type":"Buffer","data":"gWP4zYIgUbLaLVolV5gbRDjbDW/hYT5Jtg5rX8dbZ10="}},"JUCy77kIuFsRFrWnDAY+q5Sc1Hg8nHPCnJfYvS/2Xek=":{"valueMac":{"type":"Buffer","data":"zIWO/lOzQsgEXQJKCFQj0i18U3K3QPSF8DfZL93xOIc="}},"KML0HM7oyIgfuE5d6GCSlNjQLGuZCBRt0VvX+PWUxGI=":{"valueMac":{"type":"Buffer","data":"X0kgBozMYbPol+lixpGRVJhCjU3ifLzwN8dtmaYRJ+A="}},"LsZvFUDJJIMtc7FCsVekO/4k2cj29hcCvH31/gY6c9s=":{"valueMac":{"type":"Buffer","data":"USN3mg1xm6quuJf+v9bS2Lc09y5R96IEyfTWlURS1xk="}},"OADI3eLkRuV0G8sXJFZ2a1WF6WRzCLZ6A4VgUiwitik=":{"valueMac":{"type":"Buffer","data":"QTTKyMZsd+pIPDNWqEswfVQn3nB20xe6hBSdRoYLKpc="}},"OU9KZRhvRjyiJPfFvQqH+P8wT+GLr3CB1OcUfFyJqH4=":{"valueMac":{"type":"Buffer","data":"foxAubWgKpVsJxk/22W70YvhsCr0dBa+xs/qbJOTmnM="}},"OkCb7ZMRy/nMM1+7nZBACBZ5X2wnjl/qgK7Dg7JFt9A=":{"valueMac":{"type":"Buffer","data":"86XPZ4hIEMJqA6kht1UXDKA6jO1BLW4sMmVD+JCfagQ="}},"OkSPjbmj5pDZCqiH4qKI9GI/lXjA3qjjxdsqXaC84eQ=":{"valueMac":{"type":"Buffer","data":"q0JbBvebSyGBoO2Aqtaf7dw5C8b/w7QXG/w4l1gs71U="}},"QL4RHfITzH1jcxuEAbvTb70KljufFoh7x2RrZ71yRn8=":{"valueMac":{"type":"Buffer","data":"EB2PgAv0kUqawSw1Jp7+0PEv+Qk2eb14XtLzYmm+9Ik="}},"QkuYKXl5rpOd1jy9YFgpLI/+fH0U2sbyeD/UzTJTe84=":{"valueMac":{"type":"Buffer","data":"DRohR4R2DWf4H/pMu6hd+X7t/6LitQwZe8oI+i0UYaw="}},"QogfqRj8Xuzmnjv4s5c89JJPn3IvVAgdKt/do85o2GI=":{"valueMac":{"type":"Buffer","data":"ZIxFlkgVf9PL/KpWfqtz9ZGM1F+JLR8+gPRjwjRjaF0="}},"RsslbIGKsjh6IqQl6KYhuyfdjGzYMCkyYmcbQOPSQko=":{"valueMac":{"type":"Buffer","data":"fmpBT6FB8zPUMrFmLcIRNEyBLvaphHpTvTl+c+UFQZU="}},"SSjUj/RPTqXElxFQJ442gHfnPtrEdkOG2BvgJo9YNCE=":{"valueMac":{"type":"Buffer","data":"C4zN8iEZwaru/f4zu6yIU5n/fYM9fT7BoGnh0K87nLw="}},"TeKzHeFYqmuNiahT9fYEeJ6CecRW87OtQa2WB3XZms4=":{"valueMac":{"type":"Buffer","data":"/+7Oi0FDlR9mK6Fa0qROm8TQ+3IAXtnQ0doK5oxsyuo="}},"TfiTlOjO4kjMs9iQX6t3QxHc8kxKR6gbi3pwcYBb3ck=":{"valueMac":{"type":"Buffer","data":"wJydchuFd6x60P1SRLB20vmwMrCZDb+V6z8DO5GBKt4="}},"UDHmhaYiJEOO1D4umlqctLlm21nASfooY8hUfEBixjc=":{"valueMac":{"type":"Buffer","data":"BsyRUkDqv/AROMz6N5wZk1Pak1/rPYm1+822QU9ywMc="}},"UEnBrUBSPnbCJIApYirebect6fZ3+J2LNbh9+GS5C9Y=":{"valueMac":{"type":"Buffer","data":"NWvmcIQa9iMa+GKlSoRtd2LiPd8MfTKx6naM9SaWrRI="}},"Uk1nD+XSEJFFqPtv6gLNXPLoWwNcRSzVXCFP2EucT1Q=":{"valueMac":{"type":"Buffer","data":"Ey9z8VdKpQZ9QmK5uE0k0IIduzv1JDGys1zkXF8GpJc="}},"VZk7+BDTjwR+/2Z6eNPdMA7YcehdvTvACTEhV18A444=":{"valueMac":{"type":"Buffer","data":"KduYQEUM1yaH7lyG6N4j8wlsBrPOmYTMMxFmcZE2vEE="}},"VaVbqDIANouOQ274JJ6KQDFSsyTBNUfk0kOkdk3+tRs=":{"valueMac":{"type":"Buffer","data":"1Z1Q/ucLLd0TV6yFeTkPRpDge596qAr5pNinLbS5QVQ="}},"VgdpcGEwTpSqT7pqoQ9fN9h+OxlYQzLllevb+XzW+oU=":{"valueMac":{"type":"Buffer","data":"vkZZUIpfJtc0o1g+D5TLuAVwtUCSPzH7ppayP2HLzuQ="}},"Wq9ijbRPQyroppjMYf2FIm5c3HjZXhavw2M5taM3NkA=":{"valueMac":{"type":"Buffer","data":"K4aTCmSUHdBOxoNZ9vmIHJraUaSFaiCRoDWFrxBv6YU="}},"Wx0LZmtNa8T+nis66UDthvMr6oRV6bop51WENBuEiEk=":{"valueMac":{"type":"Buffer","data":"kPWM2haeMDtq6M8NjasjiPyq+K3obTH6/S2umxdNU3s="}},"YIs5r2tElbEKBqdo+IPUSfdklpqUvP0ylQeJklTWAcA=":{"valueMac":{"type":"Buffer","data":"RFcB5ZWU+/P0fSLWY6wW3tIW+isvVLd/Y8VDDkj81T0="}},"YMhyi/yMLW4si1GrJninNGg0VEBGVbe+pW2T8Vt5f1w=":{"valueMac":{"type":"Buffer","data":"vVs7ntPyDMcYfljpJENI8u01f/zLq8YK2GXXQvRaRvQ="}},"YotG1JSOdpiM/etDPazjkGD9pUVSiOv6zwbWyZq+Ffw=":{"valueMac":{"type":"Buffer","data":"hRcLyRsduOnRcC5mzaX60S+HFGOLNqj4U+r9XzqAFiU="}},"Z/rBcu7bKm1ygsEHeR2eUhvibdE7rJ51bvDIwrSu7kU=":{"valueMac":{"type":"Buffer","data":"WIrWWMByW+dMVA1v9FkH8nirFDwOB1mC/nnWGpsTm2A="}},"aSDjSTpAsMW4tN4uv/evab7Uusb7eue6qzrmznaN4Yc=":{"valueMac":{"type":"Buffer","data":"jXz3wj2ijwFlChC/LeGX8rkoSfRKCawMnxAbfY2Tuqc="}},"bTkvSTg4IbWzbL7SwN0hnLQqVEFsSedoMZ1JZxUNGBg=":{"valueMac":{"type":"Buffer","data":"lMswSV+Yej8W2QYdJgEtB2Ukn7FAFCBOuFvZDKUhx3Q="}},"bomNbH1B8Odw+8McGzQ2RdWT65Ht75uayiXEVSQ/by4=":{"valueMac":{"type":"Buffer","data":"1TCqcfHunTnc90U2flzgESFgNfU3D+AmFRHrJ1dYnCE="}},"bwgLOZCd2fNG3Kz5bE5Ogj6gN1n5qd7VDzBvdze+SZg=":{"valueMac":{"type":"Buffer","data":"3DnFBDIAmDIb087cUHkZUoFeeBpzeb4u8OrhkQXkCCM="}},"d/+GRx2EJUEUts+n+1rppnvae2SWGlcx7xS3fEBIUmc=":{"valueMac":{"type":"Buffer","data":"bNhZJnTXulIZaw5no5gRQUt+zvEEUBr/yUACKYV1hP0="}},"ef06dm/aUMfCN0yydp91EQ0zzZNgARW68ZlaWZZN55U=":{"valueMac":{"type":"Buffer","data":"v1vPykliC2ClIBMlhXvnph1Mub3cei6zqG1fpMaM7hI="}},"faKz1zB4JVRi3dpMEFrqKqtk5/tScIheNxtPjRfUXAY=":{"valueMac":{"type":"Buffer","data":"ub63vhtU6zSOAO0LQcgdNon9YmI17i6lkTnd4EQUxUw="}},"g45cMMP747fr0gQTNWCcf5oMAlNKQ6LA+Q7n4zgRLxg=":{"valueMac":{"type":"Buffer","data":"fd8jNkaS+B7/MZx908q3jY4t8kqkPUWlNGegkM9GIq0="}},"hJhMrtm0g9XLwpLkL/maXjqGKg3Ue3fFkNoQ8TTdTBM=":{"valueMac":{"type":"Buffer","data":"fY15VsmQCWqApc7aAQTyHINgqRIOIMQMEaQkC40+rnY="}},"hSsp3Lbmd8/M2dgqmnoUm6dV0YzL3LhAncl+l+3eb9Q=":{"valueMac":{"type":"Buffer","data":"q29MhyYyTeehJnl0BeGZoZBvV+mJIqjxXn7gOYTfl34="}},"hjcU598nAPwthdKZbbxzOaGT6+3+/Rg0Fb8kgV3I3YQ=":{"valueMac":{"type":"Buffer","data":"LpEIFBRaQW6Sb13qHZmUgszm/hqpgU3KSm5sC/dKm20="}},"h+1zQrP6ARcnjgrI+fuJ/nbCVkPdrd96/JyTg9+zKUQ=":{"valueMac":{"type":"Buffer","data":"lW34j6IenN0viNJWAdkDSrrA861XM4MUQGl0+h7HRZs="}},"jtWmUFbcnAwwCJZjG6kNkH1SpHzkWrBblwcko8k+tis=":{"valueMac":{"type":"Buffer","data":"E2VIwvxmOLsPSd6qLfar+Fdqyu0K/bMgT7MOiWMu7tY="}},"j5GK4Xc2Dtr8f9n3054JlvrSbldYBzuqm/hiPtqXWU0=":{"valueMac":{"type":"Buffer","data":"2WdaUF5QyPmczF8RQbFQcrQKGw9ljqC68eh/xcm74KA="}},"kDrnhB/77ZSmXNER7kd1PKfoUf6dCSeyPENUMl5i4f8=":{"valueMac":{"type":"Buffer","data":"DF1V2YivEsuxwgTxlr8zFABWwlPKgFQMxVlJzElpdtA="}},"kL2oDUdvMYLI/ZSiBihzOo1xbf+3QflHVeqROicHc0w=":{"valueMac":{"type":"Buffer","data":"LB2jOl8DNOVuAwW1xAleO7xICP1QrZqO/BgcIapjhZQ="}},"kQFmURcPjhgfYAYvUMxVbeBkXaGehjvVSPDpjY2qrLY=":{"valueMac":{"type":"Buffer","data":"vkA7UW8JrxdYhjuRzyDZn4aT1+/LVIz0stm05lLLdiw="}},"kxSq8nsWtStoO15Aq35R8CLNrKEw0ErRryVlBFgev6s=":{"valueMac":{"type":"Buffer","data":"1abPwUcwz6Rut2B84072l9ZV6QtU9YLPkmZ1iQrdPDM="}},"l0md/PkxGcaa4vmGv2t7AedkYyC9wE4/7RN9OHS1CWc=":{"valueMac":{"type":"Buffer","data":"lXaXUL2CWiNHqU9m9Oc4wx/XEJsLkX8Bf7k241ahHN0="}},"n+0z3G+8tinAiZzYJJFY1NLRJ2iKvQFtGB4x6+kKJI4=":{"valueMac":{"type":"Buffer","data":"HBaIU0FGqkXjP/rjQeJDy+Jabbxzj46284AwBYN1aJs="}},"oZM2uDY9xmh+z1vCZD9f/yDDxzW3DDraoezaAXOMcdc=":{"valueMac":{"type":"Buffer","data":"fYMaJuLqt20GkiC7s1Hfb8VPLDdiUkj5c4ngHSLharI="}},"pZZl0SdLAf12A4XCbek8aax50uVPTUIsmctzUrKmRGg=":{"valueMac":{"type":"Buffer","data":"uYOCV9DMNpa8Uj/PtGFwfz229MB4i86tkyyrUzHLbbk="}},"p+RLoAjztE0/+DCPVS1IV5aZTWXuNSM24xe+L8SoE6k=":{"valueMac":{"type":"Buffer","data":"DSBiCtq+3/9UbSLrEYxsrgKPtGAvIefHk8pU1u3sT7w="}},"qnR0uh62gqzUu6eX2OYF8ivawNrNWtGfUOsOMqxd+qQ=":{"valueMac":{"type":"Buffer","data":"LUvy1JDoJHkZs4TwS79lDJDw3HSjRCa3+RX0mtKyH7I="}},"rOO062PGzZlWjaP3/hsr0YfZWo3zAxXB6LNT6j4lToA=":{"valueMac":{"type":"Buffer","data":"XP45lnbs67chnaIFmctey/ImgOivngfHrBSJptaUaQ4="}},"rlupPtPN4VHEs5R3F1mIYuubyHVCTc1o2pR/qhVpbN4=":{"valueMac":{"type":"Buffer","data":"OprIFyq5zDluBs1apjFMLwW+4QsMCeUYttaGPEiwcdk="}},"szPWMYPqn61nw+hkRkSbwHP4B0SHDFYUaScKjZT7wms=":{"valueMac":{"type":"Buffer","data":"QQsJ/r5cXJajKE6DkhqWZ6NpgKmF5Djdg7n1SiB9+Tw="}},"s41y+z93XyKbSsTiUzrBGUNWUdAD8eUsvLqnd8cSCwU=":{"valueMac":{"type":"Buffer","data":"x8/7hzI2EhMZbQ4sOgF4bbt07xY+q5SIZhIvJFJiWvg="}},"tUW3IqgJD4dZ6m1XpsLv4W4eLJEF4G5hwsueLICqcbc=":{"valueMac":{"type":"Buffer","data":"UraseD+YL19PKrdXcUpvTqTbf9iejeII5KlCNUMSosQ="}},"ttZBgeAsT/xFvq7gLjtX08kQSoP7Q+ShaDcyyoZQuWM=":{"valueMac":{"type":"Buffer","data":"la1jaWqDGMb5Vacb+f6+jV9CQ368ruJgjA1FTWuOICc="}},"uMKh1Fub7IxIVPVlJwvSDmX8j8DbTVXJRNFLvQTgr/s=":{"valueMac":{"type":"Buffer","data":"hl++U36OzPP35NbkzD1hfVoZp8YqL1aVy0MpLjJNnY0="}},"uZqpzetuJZG7YTm8nWcXrYIetBFT8w33Y8GxBAVW0i8=":{"valueMac":{"type":"Buffer","data":"e3GONvQBl+H7Tdu/3LnzW9Hege0hjVkMsRO33MtI0Ks="}},"uj7uqco2vRyhMfCXKMapS8ZDbkHuibbcRfGdRQXgxGo=":{"valueMac":{"type":"Buffer","data":"2OtCje56n7o9dntNYmzZQPfjx/ZTRP5jPmvN6MECzcA="}},"vL/CL/1lLFNG0oMaw2tqvItSXvBIvZc2nwGbPZL+Bas=":{"valueMac":{"type":"Buffer","data":"lXjO20+2HGWUazNTtevy9izOfn4fWBj2ShJun04jYs0="}},"wF2ctWFJIfSVKNj1EOmKjcvUrbdEO/RdRZ9mtuvOsb0=":{"valueMac":{"type":"Buffer","data":"i6O3jAhsG77+eH6t0jB+mh/15PfyARIocIfFVw76m2w="}},"wbUZ+nYsDc+E77UgxUPTlwbRbKIDj6MerFdrYvPHi/Y=":{"valueMac":{"type":"Buffer","data":"WMo10ZVXNGXieoSQuAxygEjS4KZ3ShBux/FSNhuCD3g="}},"wb6RJlaprflrLMiXqbgrrdyg8J37LZkYEyP5j1eN7/M=":{"valueMac":{"type":"Buffer","data":"d31PEHHxjSHrSVesPmUtPtZJpmIhRPPSSa15o1aQOdQ="}},"wdivQc1Q7DAvdfm4tEfDrsF/1A39LOf+Ngge8RA75Dg=":{"valueMac":{"type":"Buffer","data":"p6fSBUR/SDV2CK05mrcjESbXI4ftfJmx9QqSqAMH0B8="}},"yIY+7YeF/TweVz2OUI9laDhYIi7t9Ni6HEr8wz7hZGg=":{"valueMac":{"type":"Buffer","data":"/bMYUKTovdXs4pWBxWGHlLXwiKstBUmTK2tlwUPUcwg="}},"yTrWwJjf/EAi2IPvPn4sTnQyZ4Fg13hw8jGzJg20Fsg=":{"valueMac":{"type":"Buffer","data":"mffeKpJjv4+TXM2TOZ4xPsbMi/nsDfgFwJJP7LfpuUU="}},"yp1tmkWNE+CvTOaVSQtHXuwT/dHGZGFcxIUn5iDBgXk=":{"valueMac":{"type":"Buffer","data":"OQFGV7bYSIr243tEfw9NV7l+9ZXoIBnxzyBqAAlwQ50="}},"0oHo00cfcDBGW0JOKN4lnnCeXmI0cwiM6Rcfv1Xl4MQ=":{"valueMac":{"type":"Buffer","data":"dO4iuafMcRXO7e0gyRyiAQQJooDgLuIz1yOgPc4j/Lg="}},"025KGzUIIwcf5fslFd192q+jAlPJzIkkjT6YrcNN2ec=":{"valueMac":{"type":"Buffer","data":"7/y8xL6/pmKaxk5oeMKRXVoFX2M3cPYtWz5G2TgrV3w="}},"0/wRHAMgct0xstYUPqIMtF/fly1TQVVyHP/6ClIc5c0=":{"valueMac":{"type":"Buffer","data":"3BNUFBmkTM2Nw06ejAM8C/olmZfDV0oCy9p9Luqc28k="}},"11VEhYxfovWptnBjgh8qE2MT3bb43+Ic/O3VWvioY9A=":{"valueMac":{"type":"Buffer","data":"ajH7eFg8xcKw9yMiEyYvEnbuqoE8pjcKO3MgFjvX1GQ="}},"3XtK5tojeFQZ4HINEBpnXbCcxi3KKnMnmp5bLppv5h0=":{"valueMac":{"type":"Buffer","data":"Kw6gQofwn58LZmiLHzB3umnR37zhDulRS8ZC4ihGZO0="}},"3hF0HLkZ3ziI/W0/tEHYvOEFKUAKz6FAIkqw8uBtTB8=":{"valueMac":{"type":"Buffer","data":"cYmzJFXgp3GQsdWh7MizufCaoiABVaz1JZMmzugCrGo="}},"37WWuWrkdF/a5VuHnsTB//KSNfrzWEvneUFDOwXQQSw=":{"valueMac":{"type":"Buffer","data":"oXY2pc+Jeu4IVeu2Sn5K9Xk8jE54iyfL9FFoDIeXeoM="}},"6pBeDrSucn3OqyfHJYSfb4cgpIhjRpKqaSXBRphuxz8=":{"valueMac":{"type":"Buffer","data":"hKoO7uADa8U6ki5aqFueP0OnDQLwIgYOtmETmnROfXo="}},"68ZavrXdBV68n7jy+M1gCCckTErKQyLqk4zafKAXceI=":{"valueMac":{"type":"Buffer","data":"pCu6cNmvdmks5LqjrvVEMQsHDdsedN4hUX4OyzHi03Y="}},"7cDiuJpgD9hriCwOOnxxLgUh7pbZ4DULyDDEJoY40/M=":{"valueMac":{"type":"Buffer","data":"hWzelhUbJ2gj7XSQkK8QAMWWDNwLJVYymLY47lxwt04="}},"7oLPxyYxXj+XD6aUw3SRPQLOj8/TB9d+ImhrTe1nL5M=":{"valueMac":{"type":"Buffer","data":"ruYtV+UXw6Tu6rnx7DHTzC9FadE07LCRgUWOeRLA0nY="}},"91iTAh24o5FGRhc4fhElBXNoOSYZG18FWffKjtpgkDs=":{"valueMac":{"type":"Buffer","data":"7EMMM/tapho5PAgwx6TOoS9V8MZ+9E/BefKwg4robfg="}},"+ClP/a0f4CVGA+CRC3Sy70TtpnqN0+/w91Gb8Al2j4U=":{"valueMac":{"type":"Buffer","data":"rTzrag9F8j7kPsu2YOPG0qkzx/VHp/pamTrz6fI4M2k="}},"+r0vCIjZZyvDWv0LMS+1UkbxTQLFLL+gGp4eHQVt4Tg=":{"valueMac":{"type":"Buffer","data":"RqjgaYh2J2SKphyzJq+6VwxozRFTtxnOombNpOrrkS8="}},"/uNMlqM1i/mZllTXAYdKEu7f/CTbYsXjDwSIPxbXdXc=":{"valueMac":{"type":"Buffer","data":"vWKX7TdvMdXIhYbjCUi3XEQnqr+f94KzKPMW9Zog24o="}},"xKv/XgHVUtHZBqD8bts3it2xAjur64Ew/Eq36pMg/dM=":{"valueMac":{"type":"Buffer","data":"TQcMQbmNFT1gWpe9BzA2uAl715B9EM5/Xc1Owo/3+3o="}},"/NVDluweZwI1TJKzopSPEntFYBHZjEEv4PQX696T+UQ=":{"valueMac":{"type":"Buffer","data":"C/yGhpsKnlSMpHsqDNRst0LFQhLesf+BlozuRngpSe4="}},"ukXfN/OwRvj9WUfkxUD8cKuA0Sc+1YIRbvEU2GU3hew=":{"valueMac":{"type":"Buffer","data":"nbi2/Eh1EZe7CDhdCgOz6Z1DooZJD3T6zRDxZ8jp6KQ="}},"IjkAO/RPTluMK1gBm8qs8i60QnhEhbgjTs1OxFq8JDk=":{"valueMac":{"type":"Buffer","data":"dIsqkmky+og+le4SScREwuat/pYNpLEIFSV7QjrTfMQ="}},"CjvLZ/GJP+KizTP7cvCNAi9FaNL+487AdKZKojkmwGU=":{"valueMac":{"type":"Buffer","data":"y11aYghnOCjsers0Km5QnfCId8A/wmixzGu5STQ29JY="}},"3IEU4e69qJ7GYfFTpSc7447Q6kY3yF3T7+5/3aOCSLk=":{"valueMac":{"type":"Buffer","data":"j8jtDK1LfBEeki3c0try4rDA9qT1UEBRQv5yd0wzdYA="}},"w4OjSa0yRFWw7tJ0N9XcLP7FRQmjDa2mjk63xvxu3Z4=":{"valueMac":{"type":"Buffer","data":"DZ/7eH8y/1refvDCTitd4DJduDl8PTgzY6V6qOlOC8A="}},"gEURzsBABY1Ad61d9hvk4KcrB9FL6Zlu0WGh4HmYLN8=":{"valueMac":{"type":"Buffer","data":"apYBFuWTEo24J9Ep7UJEthgwQtccadrdc9QAgW+yE+c="}},"7rx3EJ5y+oXBtmNHxKQFZ8nl4KzPTaXNaJ89Zu+s/yQ=":{"valueMac":{"type":"Buffer","data":"WltHPh0XvFM1y4MHP4IHzFdmAWezJH5fSul8Jw+XGQk="}}}}