{"version":15,"hash":{"type":"Buffer","data":"mL5nF7x41BuAu9b6Ipege+5hUwK3LXwuRsnphTk1+zdGDUvtl8ahw8/Di8Sr2pUPGckm4tCKyO9GmmK30xe8RbDLuH5QfGdPwlGzI9MW7NQIMbZqklbPcpZqyrcoaZXRv9v4vtXmI/qEF/D/f7MWEdPx3ZQyg9zsnUYuml234u4="},"indexValueMap":{"AHMT1llOardpfMUp6goVe7CNFZ+T5j6dZ2ldoTBhXsU=":{"valueMac":{"type":"Buffer","data":"TvlmfRjJQ5aS370/SjO6LNzViD74nkBi2HvsSSkOpCg="}},"BBRDu3Tsm4b4TIDUqVN6lXJZBcgujbZtQiZfPYHkw0c=":{"valueMac":{"type":"Buffer","data":"KczwU1jtSBhhmufuQZOMdy327BIB01vMF1N5sEmsGK4="}},"CeK3ZI+9tCVNy9ybtsc4VHcIilgGQXyMR59V8XZ2N/A=":{"valueMac":{"type":"Buffer","data":"OhRg3FFujJZ84lBPU1jbdyGA6Ly0ET00lE7W+futlh4="}},"C4AyoPlroGnPdohkICcvTqdwldvw1bMQU6hiFAnGRQU=":{"valueMac":{"type":"Buffer","data":"Kjvw2SuB6vchV01PyNZ9itYrDaWoOwsYkpwlRi/zXG0="}},"C4QtXtZ/KuQ8snGyp4KefrJtId1R7RcoD/F7XtrHNgM=":{"valueMac":{"type":"Buffer","data":"7JcHIcaIP2xPDvXYNy63indgP99Wf8qc2S78oAtuHD0="}},"EJS5oVcdCCFB6uCrpekPKvaIf19vfem8JZ2i80LxHX0=":{"valueMac":{"type":"Buffer","data":"HhAatruoDN/5qJOdYRlUoSHQAzp0D0Z+dqWgwTwfSSk="}},"Eed+8YgxRbxhMa9+HKZznl1LYeQOQWH3w3kH9dKET7g=":{"valueMac":{"type":"Buffer","data":"6NUHST/kApEACHyjXCZWkmBKtO4LcXGsVy3ObAl0ex8="}},"ExLxLjlu9Hd6+YvFViruGvv3c2kMWVRPBHU31U6tjaI=":{"valueMac":{"type":"Buffer","data":"wEm6n+eFu0Yb7M22fH1mbEHfgnxyRGLTQShJ7kyhKx0="}},"FAcC1hVFNjnx9kLfbvAbVG8oC0mSr0tjW/AA0y7Ax9g=":{"valueMac":{"type":"Buffer","data":"SD64u+KrV3qs6DZGdUZ6+FjUioza8+bULfTFIfb5LW4="}},"FpLAe5gE75/wITYHgZTBPiZmrH3dYwE+OFPUf4eSpSI=":{"valueMac":{"type":"Buffer","data":"SjlMfCJ+iUe/9/hRasNNS6Qqy77SQrLlGm2vCg4OAac="}},"F65+osZFjw38keskGkHkDNCvy211ygvpBjvxM2XPE6E=":{"valueMac":{"type":"Buffer","data":"Hee2Yrgf073ril2fAeNtmdjJELGvci7S1zeSSxLB5Dc="}},"F+QvQTN5FpxgD0CAZ2yeZB93k/wxBzhOmASWsYklafU=":{"valueMac":{"type":"Buffer","data":"xGplhub+QNgtosneF2dobBN45Y+UCDreX5rt0NjH2KI="}},"GeGI69KBZMsqbU1GULjpUepX6LGe3afOLi3uAxZk8Ew=":{"valueMac":{"type":"Buffer","data":"LpbI7zpw49f3lFACLi6S6EAsM3an2hL9A+tkD0r5/iQ="}},"G0ybwCPbJ89f45TdCVndcy8NqjFAWcdpoKqoF9UTkuU=":{"valueMac":{"type":"Buffer","data":"Ag7BNfQbI+cLQ6BTSl7v4OrhFsDbo8tSqkzfwLXzjp4="}},"HADNZ92chbRzri6Qte0KssD5A3i8VcyHZypazrzRX6Y=":{"valueMac":{"type":"Buffer","data":"WdXpkdgjjzlvom5adePaTBBPvL6Wecdsho5yQXLpzow="}},"HC2kbPVLZjQf+EVACZSVr2hMfsZJPRia/n2+zNU363s=":{"valueMac":{"type":"Buffer","data":"4zS61i/XOnYDC3rBvqvk8Pb5ymb5f8yXStv6wj1u7iU="}},"HHbgZpgqQjBs4OsuU5RoG7wNni7v0CBLizfpMcQPL28=":{"valueMac":{"type":"Buffer","data":"dGffwbrR8ZIMxJ55djkPKdpeWhIZxLtBba9+Z225bXQ="}},"HQKz2Ybu+Ji0P5SLvgPiy2FIuFqS0nz+TG6/Hr2Tgw0=":{"valueMac":{"type":"Buffer","data":"DQ4+ioGYGji969vcansrliJAIUoilihQXvwWGY80s/8="}},"IUfhVtJW38W6DSkuRZkx3cEQ52cu1aHrRnaaw9v6gYc=":{"valueMac":{"type":"Buffer","data":"6roZVL6q2xsVd40aX8Pvf3m0eBPDsRntjhX3dBIrzGM="}},"Ij4y2Q9bYX3i1u/klJWJ19J9rKFiHEegXT31f5smuoU=":{"valueMac":{"type":"Buffer","data":"spP6BIpengsO7udgJAji3aAo7/zYovHU5rKn0VJea/U="}},"JMJW1olAeI5cTLzUJpqzNkzkZAnTyH5WQKLEo0J7WVc=":{"valueMac":{"type":"Buffer","data":"PTIHcECexXervlSqwHShMMz0DQXRGL3EQnhAN7e1H38="}},"JVg+kKjBeQj1jzJScIEg8TJnCXSpr+m5Zhubo4JlQr0=":{"valueMac":{"type":"Buffer","data":"cm5zEwm0RMVS3liutjlM/Ajngt55+Ize7q7QAsoLHP8="}},"JsV649lDomHuv7zLtgYvyTOkj0MgEXgyLyktlQDC1qs=":{"valueMac":{"type":"Buffer","data":"xtWJlz1SrzaQ2b5gBLkeE6YoJuwqLEGX9a7xtQwWOZM="}},"JvcSKhSA+UAgV6ZX+4wx1Tiu8G1I89sWvUGnenWwdVA=":{"valueMac":{"type":"Buffer","data":"0OUdorZplatr4J0onk1Z+6zGx7TbPOsbWSElka+y41c="}},"J1+5c4UjPKu0j2o7TG1RkmoxKtt++oJwEljxpRnQ6Qo=":{"valueMac":{"type":"Buffer","data":"YuTQdKtLe7K5djVJfBRnFIk5D1mnM9oP3lHc3Tykl/4="}},"L9TholGgNenXv3znMUIwuGzEJDJJ+2YDRfF4wZXjCDQ=":{"valueMac":{"type":"Buffer","data":"ltgyhP/J37VrkpTCtnBB8Wj37jG+k/38WvjWCcKCLA4="}},"MLdtihFoSBZl4z4Kp2tMJ2nWLgW+hwB8jkEaimhj1lQ=":{"valueMac":{"type":"Buffer","data":"c9yO72HHiLEXlxY/7OFY7DvJg+Uc8KjVCnEJm8UMkWA="}},"MwihM4i0JToydQziRFsGqVuBhcxtD3DzpzUdu2cvN9g=":{"valueMac":{"type":"Buffer","data":"C8QvMKYTJn9wOSSJWGYE9gVnjIB0dDwSPkHPRGbHd+Y="}},"M7oXo+sw5IRcwewsVgCVDXHdkAYQKFbkSrdkmLfjzHU=":{"valueMac":{"type":"Buffer","data":"uZGOUk5DFFdT1SQpn8QdRsNHB082FlZ0CcR3nEjZCck="}},"NAHldojok6sJLNpJXh2A0wd13luM4OpdM4KUXEHHj+c=":{"valueMac":{"type":"Buffer","data":"tKWO1rD1r8YSbDgDuwwN3aXNHOi95yiqktkOKAdK4xg="}},"NLxkuC35pbW2N41tED9aMgeD7EqqghEJaqCapNttn6M=":{"valueMac":{"type":"Buffer","data":"LXeZTPpcnJQ4mMvTw+MYbLdvjcMFOvE/xkhSLVnl4Gw="}},"Nmh3webrBz0klZ5X79e980VdG/9Ub7naPJQGVPkpEWU=":{"valueMac":{"type":"Buffer","data":"M0pWBmU6qXIYi2Mg16BFf/8iTIcqWLMhbCHEwpKyfIs="}},"NytjRDomRflG+b4RzV6U7/WYs46vSEHbcgOrwGD98ss=":{"valueMac":{"type":"Buffer","data":"c3pRh+KZ7uZevdr75bPD809fvvknDvCQb4D3y4T8dcA="}},"OrVhdnTo1xVqitg8fBB5jXet/5M9ZRJ9fAMHdY4id5A=":{"valueMac":{"type":"Buffer","data":"1LFzULqOoXnTYqIJ8V3gwKG/BR/XM7OieTEgmPqvuUI="}},"PFWJ9/o0+WQnr81hai8tqtg7GtbUHn2UZ0WuxSFNQ+w=":{"valueMac":{"type":"Buffer","data":"Xt++3kA1F+vIoNNd+rHLQWE4JT7YFHb42cyqtNfNr+E="}},"Pxs68iK38CD8b/6b5WpBeh5d54Vb7RgSyVDe9UJzULg=":{"valueMac":{"type":"Buffer","data":"uquK1uz2v6KPT88VIeL2Pu8BW4O5J0/8TDoPd9C+Ldg="}},"Px1bPUd2s+ijrc7EtK0Xlq+R8SIhLGPf1QrC9KQb0Ks=":{"valueMac":{"type":"Buffer","data":"mfMAm3O+iEmV/JEdW6DLxV+/HpYBrUhoeYneO36UUH0="}},"QSMNY1wLV6YmyfnIcsAYSzb5W4ag15cqUKJPVS/IvHc=":{"valueMac":{"type":"Buffer","data":"JDbtXwc/s4yJCSiQxVF9d/1OPidLoTkVdQh2OL5huos="}},"Qh9no5Ns+Y0DHpkt9Gv424srx/j70v4bHWMYFoBFJ8E=":{"valueMac":{"type":"Buffer","data":"wKiLepYBJb4MKaoK+JR2ly4Mu1Vzhz1oJp/djKGQquQ="}},"Qn3F88GbHiSZeJQxSnh0hQwT2XS1Y4qTN2cq5AGUaq4=":{"valueMac":{"type":"Buffer","data":"gDsrPnKfC/bhxVUBa8fEEH51ztPickfRIl7ZgZ11y10="}},"QqyQsP/whGNOkcbSM8nH9zU3fUebQrQzy3Xd1QRbEeY=":{"valueMac":{"type":"Buffer","data":"7axaC69tE2Qpt9zI7OW9fG6e/xHMH+rVMBX05J6h7jE="}},"Qq7Xh5qcOxQeAG5avB87PKeRZriXJDQlcjpbRrtj3h8=":{"valueMac":{"type":"Buffer","data":"wWyXKrp/K1xGOVoyKv4UHnTgibCpaWX2mupgR0l1vxo="}},"Q7zp7kyDPCIb1pmfkWGGodIpAMEQl0dxXopLP+QR/8U=":{"valueMac":{"type":"Buffer","data":"70SQlI/EG4y28K8uOrPuEJHrGdfVYbEfbKtXNb7EubE="}},"RS7sMkxlXrcr41iEWm5bILpBAwRc3oOLkciyOERQCKE=":{"valueMac":{"type":"Buffer","data":"NeCXZHeKdjJ+gEOdijPforWT7RHRvNa+FWWAs4tHfSI="}},"RZx4lzCJ6ithdm2w40cNPRKZpbJp2OBs5M4m0YBTFLs=":{"valueMac":{"type":"Buffer","data":"Kg7X7qX5GQFyKlb97SzvfJnjWKijK9cvHPD0YVjg16s="}},"Rc3qrkJnP+4BYmoyRdOPXqC1SfScukKo7vg61FInBSw=":{"valueMac":{"type":"Buffer","data":"VigUH5L9fxwaiypN2YoJYWFgDGbW9C+tT4tJNKK7a5E="}},"SPOXbKH81psu55ihF8446qDV56SI4DZDqcbcoXhdnjQ=":{"valueMac":{"type":"Buffer","data":"Nk+G4yCDoewW/CrH7zEUSXKDQanFk55AbPVqYiYGkMc="}},"Sl4dWGKb8SFegB8C7giWFjgsfKEsg45JfL5P7fddJ+E=":{"valueMac":{"type":"Buffer","data":"cS381P5dX995bOiYCXnVkWJwP6bYXGFaVzgHt5VoLFM="}},"S7uS7pXsqR1r6WUIvIDEIMNSR3L2sZCM4IdpHggGFsA=":{"valueMac":{"type":"Buffer","data":"LnT5pkNqB6V/+40R2U+p9bwH/snFNAiuYJj8rytxEO0="}},"UXui9jf6X1FmSxK/CpZcgus8HTtqG5wivY6MmfDYPQU=":{"valueMac":{"type":"Buffer","data":"DpEoE7NjwDDUgV9w+EC9VPjZpGdPaVkjC+knW/LOaF0="}},"Ue+ZUnCOFXRROKF7SIYS85qj9SQWLuRZQDYKPKMIDdY=":{"valueMac":{"type":"Buffer","data":"cy2nEyEUDmeHgBKWPqQqQqU7Goa1Acu/YgRc47VepL0="}},"U3Lu0URJ8npsjdoQhdNC/l3yAwzPI0J88qre0OvwOhM=":{"valueMac":{"type":"Buffer","data":"56sZ1Ocu5nrGZ/F1aHN3BsBwm/yVOQ4HkCLWDLy+CWc="}},"VKN29KYeU3P6x5Q0kzX7QAKPfCILhhZbnQD/4Z/1wDY=":{"valueMac":{"type":"Buffer","data":"iRzZ+hrVlsfnEKXup4NabUZGFtWsS+FI2wlVepFBaok="}},"Vhwm+YW1nnWEduj3V6/sgB3A33m5PH1SvVBuihhyh+0=":{"valueMac":{"type":"Buffer","data":"7uvJ23e+mgJW87e8PEaP539dDLoM1Z/ez9eQKwaZlX4="}},"VoHAlddfdclYoXnKZWIyg5D5Gt62UvZP5fFFKnw2pvY=":{"valueMac":{"type":"Buffer","data":"MCUsd/w589YFwGG6yAn71XdgEdit16vX2y1vth+iH64="}},"V6r9DCwPTQ2U2RO4avzWmaCxyPPuY0Yxt2EpU5s+qzQ=":{"valueMac":{"type":"Buffer","data":"GEpcax1VqHnVyKWbVwRzxbYH3IJH2IMxGT/ywXd/QEA="}},"WILk1Bu3XJl9c9obfBnNO/HJKEkwtSiZD/0pRzFPVJ0=":{"valueMac":{"type":"Buffer","data":"c/FZwjxmuLWEsO7wxNhShDYyJa9lNzwtvQrb4AWMxB8="}},"WQQV6jZwUgIMDE+ANIAG7eRs/DOGWviLkqXc5ZbeQXk=":{"valueMac":{"type":"Buffer","data":"k6gp2Nap/afTyDhsgZvvjuiF+SlX6kddBxMA4q71ifo="}},"XDIVuL9wRwKaL583C0x8dxXp0SVnCq09mxLGzq1Oenc=":{"valueMac":{"type":"Buffer","data":"TBJLXgcEaUzWlSVomdaaNAfNep1dXXnI6I+CUagMhfQ="}},"X7NgTtl3eGp4/kUS0KBegWSc17tyb7c1c4GcCu0wjr8=":{"valueMac":{"type":"Buffer","data":"ZKSH4Xb/X6IPZTA16ILkM80e0g7/k//kKuMxyQTXPVI="}},"YqBrvGbTUhlCX0KgZpIdf6rI9NpyflDEj+RbuM3Ohqw=":{"valueMac":{"type":"Buffer","data":"zMH1VNlXU6PSchgDJbNXtzbxAuqYKUGXEDv2jd0Moxs="}},"ZJGZBMNcpUQZSWJTfccHdVAXcRaBLzUNOpHTIlH5mlA=":{"valueMac":{"type":"Buffer","data":"HjlFXs5U0CJk22cjBZnwFXbYMEG9VOCiHtYsjbQSFJU="}},"ZJ2ezRfjJcIETzqzYxgFHGusiEtG4XkONi11ACqvmVg=":{"valueMac":{"type":"Buffer","data":"jj4XIvwYuq2gav/UFtWx7klUm3GObrWLTvzVXZNSJYU="}},"ZMNYvWtQzNesqznJ3hqTrfkLMDOwUyAHIwxYxulfvUY=":{"valueMac":{"type":"Buffer","data":"TxGBso7kN9cjMfDemaz94VEX21lgeLP43gyrcL5JWgc="}},"Zo0glZixruZxnX9WFAy8lIGhnADcgOXfccapLS/mZwE=":{"valueMac":{"type":"Buffer","data":"I+GpJJngf6WZNk5BBpLS7zBhrm7fiZZ5b2LSm9dOsUM="}},"Z5LzlW5A22Ez/zmy1LMQ876GIehjKp0hA1ozuwnP/XI=":{"valueMac":{"type":"Buffer","data":"o63TBHy0divQ/b3oiB8PW8yUPBUTKE6i/IQpCATJke0="}},"aNprBg5yU3tLLCWxd23EIAKAEEbI+Uc4z6FCGx0tVns=":{"valueMac":{"type":"Buffer","data":"Qm6RTijp1MKh+5+MVOmwb+/aKeQ1uc10gVx79OdjBJg="}},"aRBxr5OIsNG0ALMsk7/VzOHnRZ5ZFO0KWBGBo1ct6HM=":{"valueMac":{"type":"Buffer","data":"Cggq7Tz+RVAID/9C8yb8tDkpgHuOI1O7Ndbb+Wj0tSI="}},"b2CKg6gqkyhsC2+E+HRj9gC2UY65ddusSoR+GwWfQZM=":{"valueMac":{"type":"Buffer","data":"e8uxPwvgPzWz5Rc17XkWR8/Uz1lI8kZO/XfcTLM+nyA="}},"caeG1RB9unOoR/NeaIqLus0wLw4FsAzrDcRJYUkE4Uo=":{"valueMac":{"type":"Buffer","data":"NVGHnde/G5In9cRiuTu1arjIPy3doUhCt2lpKTtNnUo="}},"cf+hbN642oTB2Wubdr8zGZ42yQHZpQkP+ss6WvkRLjc=":{"valueMac":{"type":"Buffer","data":"hmYKKyC0VCyZvVn79OLapHDggB3v4m4PcU8eyZXtxrA="}},"cjoIzTWglBB6WZ98xQPr/5AHUoOixMCkCiaUs+wIb6M=":{"valueMac":{"type":"Buffer","data":"IywnlBNnzYeq4K/ppCnFHqcGuR7iImrYFmccdgE4Uuc="}},"cow5U8imbz2EaBZ/oVSTxCdrs+XoO9RIMXvoNq2nGUk=":{"valueMac":{"type":"Buffer","data":"/1Km8Zrq55t7PDHqjDvydmf6RIloYQGiB5WilmW/260="}},"cpDlgUBacDT69mcB6crCrqu04etkZg+qzsJAKg/5xKg=":{"valueMac":{"type":"Buffer","data":"W8JbtC+WNMC2+FzMs800uANRJiqJlBylSf9DnfXdt1w="}},"csoLnw2n5D2ER7HsUUTIS1h/feC3YM3qE+kFweqbvtc=":{"valueMac":{"type":"Buffer","data":"RxJveEVS9KAH7GBd7f1+RgoTP9QDSClW1iiHSx9IdLg="}},"dDLrQBrQlyDkBpuIGSqj4e5LgHV/aAvRGpQL7VFyM+w=":{"valueMac":{"type":"Buffer","data":"yNFp9e48pxBXfc8qnNuET6uD6rC6RQxdOSrWBsJDjdk="}},"dtm/8kJXExm4dC6LSlHHH31P92qoCEutdoKWr/N6xLM=":{"valueMac":{"type":"Buffer","data":"W4BLjLeXSZ92wMhxQEeTpWCQLI4os8sP3QPDQF7rIKs="}},"d93yja7m7zwSppGOhl+RFhjR8V33A+S4BGv0lSUSpAo=":{"valueMac":{"type":"Buffer","data":"b35G7f1soE7JI7fDwDI7IzyyhB1uJDrsZVROtY3eN8E="}},"eY1gMXYTMG+Rcndus+CWkDhdDtYa1u9kjPoGQvTW/9A=":{"valueMac":{"type":"Buffer","data":"MNVrH1z3f92T2COxVQhX1VXTBjepR0wtTULQty8mKXA="}},"efgJgYZi1hNH8JEvCrj+MOA6yocwrWsfV3R9TQ3KYo8=":{"valueMac":{"type":"Buffer","data":"gtg1jVAcOp9AmHwqrVlI4uv4Kh9ediwtyEOCoM6HL5U="}},"e/f4XC3AGNF3bHC94RF69/HaNpNSIAvGT1EZnjUyOBo=":{"valueMac":{"type":"Buffer","data":"+kIh1vUMdroQjr9oBj1wa1rOMZ6JwM+lAj6EpKXvCIQ="}},"fPqooLJ1u6hOCfk0kP4AIMuRfEnnmvw+qSkvQEJyXUE=":{"valueMac":{"type":"Buffer","data":"rt01ilMQJzv7Yqjdls7OddKRVt/vSC+8y6DE4znckB8="}},"f3VmCHBZlr7Cm4kgQjc1ZlpH/3IIMGHhRx5yCCr3ev0=":{"valueMac":{"type":"Buffer","data":"EyIjOYXCejAkCXeblFZT0+ZK6x++FdZHUf98A+MB92I="}},"gjyW5dQa6FiTzeVCuqvpiJWrbtOoQa5QsQ25p+LfWRM=":{"valueMac":{"type":"Buffer","data":"JVRXfotBUHBdQkurVW1ZIottkfgfwibGcYSoBDO1Ks8="}},"gpF7HKqPpjpIJXIAhU4n53fQ8qrvsA6GA0r8Dnnp3Bo=":{"valueMac":{"type":"Buffer","data":"62UEqyi6PE1juIySt/b20A/dx3kZAjFgE2Q73vwYroI="}},"hEx1yRoWbtrDAOEk8hwBLCnNsPaWu+Ir3xYzIl10VmM=":{"valueMac":{"type":"Buffer","data":"1qyVi2LnMx/ujBCuYKZ+tqbioK2GlqRKmMnu87Z4MDU="}},"hJWgIWJ8A9lNe5ZLWM3VyocoFF/2zJNcQmikVPvT5+Y=":{"valueMac":{"type":"Buffer","data":"D9RUZQj2t0IB2OsWPsjsSZfqnQ4jHayo9PvMrC2NERo="}},"hJYgK4I4Ea/sRUKrP6SAGmm9M3HWZx5fjFhjKbix/Sg=":{"valueMac":{"type":"Buffer","data":"9Nuz2KrqAQZPDgbpZaCrAdLgdgcF7lnRCC2a/ZHKxVc="}},"h7YVD8fYG5FZ+G8RYmF7VePNUeB4FKvAhZYIw1InscE=":{"valueMac":{"type":"Buffer","data":"SwNUFp3i0qBwMQbgQgUkrYNoJN2JQdL1SSORBM0eBBQ="}},"i6YU+8yOCsY1QpsvD7366BGe4qDrHk7mhqnDMpZsg+M=":{"valueMac":{"type":"Buffer","data":"HGEG5YP3Y1NUpzXQLnO/FRKtxaIb4/dbvE777zsvZOk="}},"jS06fU0S6/f0xb3FPkjb+zxyI6T7bMFBzaQjtthLiQg=":{"valueMac":{"type":"Buffer","data":"+Z5eq1T6ohxqhrh3kbmt218f9nnoP2yZB/6j6orBatU="}},"kZuZR5xxixiAEHS46JmR2Z/vShWJC2eGSBrXQbSqbcY=":{"valueMac":{"type":"Buffer","data":"+qVNY2gaU+gycXx8BvDWFzCg3OIZoRd3I+XEf2FIcDA="}},"khPGquuWld7Nig28rsH6W/ZJjFLFILzTyWW+7oXrcv0=":{"valueMac":{"type":"Buffer","data":"inHeZbbLJxO6hbcg+hU+hUI6wikheU03V4x46QJrw6E="}},"k8R92Y9wnJCQWqao+CDzWSMCA335dMu1ypPIytse6ow=":{"valueMac":{"type":"Buffer","data":"dxQJisSyQ4XFfWJsUNYsE4zhb/JMJFv6KCt3XnkDpeI="}},"lmfyMx4rXBpuVizEnEYEtSfp+x2FbBr0I9GyxA6Dmv8=":{"valueMac":{"type":"Buffer","data":"JkpUEKUQfHlgNRhJgLcvleWmIc2uPo58/y8QEEGsGPs="}},"lojC18VQN/KJa+nicRUowVLgvBECKMTzbaS0yKlyZ5U=":{"valueMac":{"type":"Buffer","data":"V9QQcxCt4sS5YkVNpqNL0YuibCdW9RgGoQ8eZ7SK1Aw="}},"l/ZoJqYwxrcBT6IeG9ZtVIxdRi4jtkNdgWpR7J9bAf4=":{"valueMac":{"type":"Buffer","data":"z9c9nT7IiKj4vGMBQ2JOZ4PhwdSnTeuYuG+o6yYXMzg="}},"mXhXWa++kWBHGnGNkPemdYrNv2EyEJg51Fch+csvkXc=":{"valueMac":{"type":"Buffer","data":"QH965MNqvSMEfstDOZM0BrnTkX0wJyDHn25BEkMmX7g="}},"nrYdyhmRu6hea0RXt4AmtyLawIusKo9aVE5p7Me+Hmc=":{"valueMac":{"type":"Buffer","data":"vBYalpdSvIfPbEIs+VbwQXAIHwrCUA/QFosoIfbUE74="}},"oXTh6oVOfjGg/byxuSP8UBFVFxTT9eKKUlD9ZAbd3CY=":{"valueMac":{"type":"Buffer","data":"JJMDFgNCehbw/XkjhPywMgcV1mjI+V+MbclKvekLWx0="}},"onAjuGk9OTiXS8mpjCQkXMM9YS/W4GIIoxyjlhQo4Fs=":{"valueMac":{"type":"Buffer","data":"rGTA4LZvSIR5K0ug54cdYFoiJduRtqCu+Clzfw7TIBE="}},"o051iS5If0Jse3liPFQuQt1xczOwIE1AvGZCqoDtXYw=":{"valueMac":{"type":"Buffer","data":"lR5gi/vbfLrC1ZQ9dAavoA1OaLKa++0AsAzoz83I8Q4="}},"o/n/svZEQsVZC+eRClvvynVNx2t6uu9KZv0EBJIYcws=":{"valueMac":{"type":"Buffer","data":"Zz3qJc6oN7jD+fB635f9WlTT5tzTYwAR+6B/g5jvAq4="}},"pRJQ+y/+hvSJ01ARhElq8NVbdSxHZF/xWgpl+wh6Bps=":{"valueMac":{"type":"Buffer","data":"ccH3Z1gLGTytIFTpro6I7hxLKbpZkyB8MasoZfXpnYc="}},"pcQA05fxQvC9rEHcPiy3cFLggp7c3dUHeX/92WrhozM=":{"valueMac":{"type":"Buffer","data":"8ebzq4qGYPNYnrnE4WhxSLaCH0U5y5zajniWoq/sBG8="}},"p3zjq65XeXImFgQYkaBEPnA4ArZF+u8QMQ9ofnGmyXs=":{"valueMac":{"type":"Buffer","data":"v8jK2SKaH/NkGbvTUzbrN3smzq9DIywSZCKSWMYwtOE="}},"qEogSPwlT1JvjabX1AWCUh8+8A/m6UCJVnSk1XaRWU4=":{"valueMac":{"type":"Buffer","data":"wlfVbd/iHXpVjJTmhN68z9U3BERVbKUoPOVDuL2USRI="}},"ql2bbSZfy4HxLUGBjvR74SOpniEOXcWAeo6iEbkPP94=":{"valueMac":{"type":"Buffer","data":"vVW/dKWVNMPjUamm/SM9GV/ozmuiZC4DkC9JT4hIRwU="}},"q4Vc4Dh7Cwf2S1qIxIIXzn/UzZ80f+fXnfCBZofg9yQ=":{"valueMac":{"type":"Buffer","data":"hFxihWBDybWxGEXi9OvLO1FlqmtjF5ciJ/0tRKW/0zE="}},"rMrfl9I38T5bE8jaoTgrCNHwqAFOn9I5yII1BYrlYRk=":{"valueMac":{"type":"Buffer","data":"V8NKVLTuXGX9YsbUaDrS0s9ureExlPC9dQChpTe1ML4="}},"r7rBvF7rFkA+OoT7UJZox2TqZ9xJZLFgxepudzk4xko=":{"valueMac":{"type":"Buffer","data":"ZBBd+7RjO5EIvM8ec2Vo1cDrzg61nBEMt9tO5cFFKhU="}},"r8fiAmGKGv1UviKan4A8COGOkDbtShQbfIOkOmB52x0=":{"valueMac":{"type":"Buffer","data":"A6AAxOFAdBk2HWqCiPmjdwtBrdfWDHIlpwpDC8oLusA="}},"sP2fmIJ9P/HaMzHlgB6lPmBkrnYlh4x//EkEOIN1tYU=":{"valueMac":{"type":"Buffer","data":"qjQFv1KNOKl71be6ZUcr9OpCaRtn36a1DZMCgm9ZUeE="}},"tfcEE20OQ+RkFq5fPTO0XLhXqArKd2bcCWItulCaTLo=":{"valueMac":{"type":"Buffer","data":"iWu3fuqtuw0y4vEXxmGqbAIFr88EzR9XNGj5SX/4NT8="}},"tlTEgOjegjfHljZmQwbA7ergZ3QVcVxYzmDTO9x+XU8=":{"valueMac":{"type":"Buffer","data":"2uBhrIWHt6Vvi1ILImbn318Vqqka2Hlr/I5z7M0V1hk="}},"uF7KYv9DWpjsqtCD7Gm+WrBoHqW2/Y4vjnMW8+NOPqg=":{"valueMac":{"type":"Buffer","data":"Cklu+HQPMfU/o3p0M/mmNKfJuRT+JrBA2GqsEd1fQoQ="}},"ubtl3ejUQyyd/3UbwGXoNPmHVXemz3pKpPgFnIRt+MA=":{"valueMac":{"type":"Buffer","data":"sID2ZShKg46njbBYLxnUx8JfI/UtFojfgVskNXeFuBU="}},"vv9B0Ee2OfuQcyNwL776cFbDoA83dZjFJF5p0Uv1szs=":{"valueMac":{"type":"Buffer","data":"ti/+DdWj1mN+Spoa9QdRG0d/bR6c9+WoXMIx2AEdsFs="}},"v1WIVlBsdab7lsRxxjaUC7Wp7KUM2ex5qDgvCN8AawY=":{"valueMac":{"type":"Buffer","data":"frtIvduFnyhn1W9n8Ta+NQbNkz7hRIv6DtwP+8t1+8Y="}},"wwG1+x8jDbGon7eaASC+8aOONRAFEhGwJoLNuRvEakI=":{"valueMac":{"type":"Buffer","data":"xzOWzYoi1WSb5NceIPSONIJZvyeGaz73vp3ED9pDQ3s="}},"xcuUMIf7YqlAwtqFXUP0vBkBBov+NbC4iImfntiKVqw=":{"valueMac":{"type":"Buffer","data":"B2fefVw+ONgM4wlPbpHImFjmEti+uiXRergJn4Hnxkg="}},"xiKoOeG4d/KMv1b9TijaVE5XSqHat4uH2F5vnxFNOiY=":{"valueMac":{"type":"Buffer","data":"qfKgMC6O7ZctP+vyqEE45okzULF6zLJIDcdjfZOGj3g="}},"xljvazeGA0Uf1i8b31HsDOl5xQosPxYNfGTwCaHBgOU=":{"valueMac":{"type":"Buffer","data":"h1Ku0jYY99CZoOS63oq4ZTz4Udn2B4TLkIdrx8PNlI8="}},"x5aG2LiQhOvdA2NhAnDfF3gXLDN6fG4tgOhex6sjIl8=":{"valueMac":{"type":"Buffer","data":"oY49ymp3tbWPNL1ZiGfnM8iVcQNi/FIyX5UmkSRWecE="}},"x9YMPXhtnF9C2yIzgz5RN9DP2qVLLDRxc8+v+23EM7k=":{"valueMac":{"type":"Buffer","data":"8ARDh/F/ogpL71hkHkZ11IGTQi06thq6JlM9OOb4nMw="}},"yGuLjf61n1qnFdbk1BZdSiwS9BaUVQq/sxzhcvu4nBA=":{"valueMac":{"type":"Buffer","data":"CtbxifhaLotfJHNJK9Ba6F3U9G+akR549QHEkEybCGg="}},"yNVS1spEr+gtlKLi0p4VfHRT78rOAiyMJFu12KpHUOk=":{"valueMac":{"type":"Buffer","data":"sF1Vya/7jeem+kheWe8E9XmrjVcIXLr5cjMU+2L4XH4="}},"yUmvfa5jrOq7AoNfSmR2FI6301rREz3jb37xW8siucA=":{"valueMac":{"type":"Buffer","data":"p2oYgkvpTY+CWVRuMh1ye/H0XdBAEHkIo13RqT4nIDk="}},"yZxQwdlOMBU5s0Q6QG21jfnx3uNYuwDZhKGAt6obml8=":{"valueMac":{"type":"Buffer","data":"1f6Y8xJIW2VMvSvrzlOFZ8/sjv5hehyQSa0PCQSmj5E="}},"y8xQXLvoLIGo20kQDGWwicn1ZlpD7huzhDJxSeljknk=":{"valueMac":{"type":"Buffer","data":"Xi93ez6Feql0VJeN/stZULt2MFx6unaS64pZJrnkPik="}},"zAjjZci7US8KK5wGW/lQQiLO3/IPSZABTsPdHtPQVqc=":{"valueMac":{"type":"Buffer","data":"5/Zg6+4vDFwUvLJeJw0bpViYsxxLqBOzOAhwlfz7rpg="}},"zLWmvizcLt8m5JP0b7sJjQH1DX2ZOE+7f3crGLxUs5c=":{"valueMac":{"type":"Buffer","data":"GigcIDApu7ClTbClLWjcvsX0ThdhwoLzOnCoR9zMrlY="}},"zVy/rCSmOoksuXGTP0JW32gxdDFtIUNjb8QqS4SDmBg=":{"valueMac":{"type":"Buffer","data":"Y4A9FJf0swQ20dr8BaPQ4QEb1p1roOdXbA9juKDwWrY="}},"0FR8p0odRtV8LrvduopFgajRBeK39M0CdkjEDweawHg=":{"valueMac":{"type":"Buffer","data":"I3jfgtkp20oD6OFh2074Y1gs0v1EqLebJB9gIKLzKbQ="}},"0QyCM7UcswMOL//atHkVU1rDOlxy2UoG5Y/brqSJy00=":{"valueMac":{"type":"Buffer","data":"oFVwfbnt8+NpLueywxxUhYNBtcNd1vPM67G0c6LYzHU="}},"0kYcNkk6oCTfT+RFqG0Rd0bm2Q6+F52+kuViS10nalk=":{"valueMac":{"type":"Buffer","data":"LzfP7VtTHUmSVzTiIQX98niJsp3kbhA0fZU1DKfIqTk="}},"0ntxegybU23CqobGaB3YUFgzI7xGfUdlF2q0VteOAI4=":{"valueMac":{"type":"Buffer","data":"q8ESkthONjbPJjTt1T7GKZvUAfVrj69uNVXwrwYo23Y="}},"1LSYAMNVmnPTnXlZlPsBokm51ObhN4Xvo0fVHB7EIsQ=":{"valueMac":{"type":"Buffer","data":"KbU9LcEyYJzVGswXmzarvhCx11MvoNIi0qwLH91cUJM="}},"1nGbdWc7+O6cZ1bGuu/EQgicBxizcGyfl9aYFtqgOxg=":{"valueMac":{"type":"Buffer","data":"Kuz7IFEY2oFfEPyr873xMTfrO6LlQfMqKC/pNnB2D5s="}},"2u38bpWXRbpOJ5TvKXgIHMv7NhOSzCBlDD3iVS+dGmg=":{"valueMac":{"type":"Buffer","data":"4vjulltKvlXMI+NOhIbcDqPGsJs9fHtWb5AeiWVMg8I="}},"4EA9ji/uikk8i0zloxu9ba9m6nbW1e/o5g6iJWq7sTg=":{"valueMac":{"type":"Buffer","data":"8RokhE2rbT38zjOED2PCeFPrz+1IYdua2tQ2vUpeX6w="}},"4Yaixt39fQiUcMvuVK6SaUanyfpUwwHNrvQ1ZQeDOAw=":{"valueMac":{"type":"Buffer","data":"8JqRXVICxoiLv9isIUR1sqPV/zKTixSQolXRM2tz/9I="}},"4cmxtM3L5f6puzxZKdniXi5uYU8UbNqMKyEFV1/KREY=":{"valueMac":{"type":"Buffer","data":"mMi7Qsj9YFXtOXjalJEynumKivbjm6pX0vRM5Ahibks="}},"5NZ32RFXXwsY1z3Z2l4pWdEnUXpyn+Tpfx7YMWw8AMI=":{"valueMac":{"type":"Buffer","data":"LKDnReIyIHdSfyW7JnJDutH9F1Vv6NrhsFCkeHqkxOE="}},"5hET+ddsypXrGMLZx5xN0VuMYyfWGCnniS1/Ad5i8lE=":{"valueMac":{"type":"Buffer","data":"tvY1tYQQEATtlWbDhbNl6J2w7hAWdmjylPdD/9xcEcI="}},"5oG4FxpKR/WkxH4KHS0Wm3063lD26CwtmLhYi47MM6I=":{"valueMac":{"type":"Buffer","data":"FXskyZ2+DhWqbCHoH3XvaFxK6ApsxRRsHIp22+bopBY="}},"6mNmABjIDS2E3TlsSho4INVhnGwJeLxtFPDyTjk6QsY=":{"valueMac":{"type":"Buffer","data":"GAggkmhue695zP9D6LvwYtn91ZJ3wqcNp3GhVnR/9yw="}},"67vgN32ZdgckHt5/QR9RDJjvcsmtXqqSwha7xYNZpfg=":{"valueMac":{"type":"Buffer","data":"TnhjoIUP66FLIngYv9EG1va1Z7kwNcScyjAADHZDtZQ="}},"7KqYqpAG+6sp7rag5Nefmg0+eynp/M2Nzef9PiFVnW0=":{"valueMac":{"type":"Buffer","data":"R5MJ2RR6Ij2pw6g0sJRYdBQGMbDvDRP7uzn9ucyJc1k="}},"7NTFLgDNXdAQB2TFhkYk3Ol3GvJWqguf93oKmMHsAiI=":{"valueMac":{"type":"Buffer","data":"uTASNmNd5Fyr0dJywHCcR2lIKpTPZ04dq6X0Ej09FQM="}},"7ZwzDUR4K5/KZ9aJOgrp5clmthC0opVuxAye3I48fiM=":{"valueMac":{"type":"Buffer","data":"DwaJU5yws7UZjMLCkHNN1yfqWGeGHz83RGBsRM/CqHA="}},"7fWHbBT1xd3Esy9C5e+8wtlE/JRXemSfT0p4wwvWlUE=":{"valueMac":{"type":"Buffer","data":"ULKOhKpJWysSnoImbdbw59j/zUY5GWcpaHm3HmCHDn0="}},"7oeliTCjDi0mFwf+b+vZmQqRdHdjAxuaCwAHNq0/dl0=":{"valueMac":{"type":"Buffer","data":"GS6gG2n8zckHnPKGY5XY0g3pFIVMxk4H9NZraWI9XGg="}},"8E8D+LC+InEDn/713DCgyMWkcpMJjmNGPAu9xtxo7tw=":{"valueMac":{"type":"Buffer","data":"9Wb/I2pe3cd/bIR2rjqaE9FmmoLJiudYpssTc99YJ1A="}},"8HAv65eLP2U3TWwJ5YSTCtvIjmCRx5iblyHKpW1l5ds=":{"valueMac":{"type":"Buffer","data":"q448xtZsYTpnEwc7oUrcl7w7ZVAN24kKxzViNvIftxI="}},"8YqJb9ry8GhWa7EySABSJkDOggr5v/wcCC8dALJp1yY=":{"valueMac":{"type":"Buffer","data":"7A3w7UobtwokJ5JyXt9oSz5Qf6AWP/TznRaSrB6NM7E="}},"8dTs0ESMBfmNHEB7FxP/20E2RmeXESUjr9pSlVArkJY=":{"valueMac":{"type":"Buffer","data":"JJumorQoI55Iufwl+tBnwAQLRQUW91ntbCnH6iNF8lQ="}},"8sqVAmtHWN7BwUi3JgmuhgAJYFsswZzU3BX5XY4gXrc=":{"valueMac":{"type":"Buffer","data":"R8B1G1hiNXBHldrDM5PIt/0Gn0JvmQ7AdJ3ux1eE8QI="}},"80yJ3iba9zWfCvbYgrzVeBvLu51WHOX4Lc4w4LzTlMQ=":{"valueMac":{"type":"Buffer","data":"6GvAEe6iCIOKXFzbP1NlnHSjD1qip8LZHgLljabdjfA="}},"9K66LAMJ9J4rG1aGWRQE5kqJHrJD1UfPZDap/xLzE2k=":{"valueMac":{"type":"Buffer","data":"8CT7xbZs0Z9LHnsa6SmSY/gztHdS14KUQuHcaukDo7k="}},"9T9ya5uSahKKkZx4T5Od9AoRdzlHG0AcKlix0c58PaY=":{"valueMac":{"type":"Buffer","data":"4f/46o5v2n9f0aQbYgwQHbjBg2uY0Y76pH2qJq+VdWA="}},"9u9KpmmTJ8I1CXBU+A1dVTAkEuV8NZs6ggElnXAkKi8=":{"valueMac":{"type":"Buffer","data":"ndqVMTKx9NBF19pWv75kPU1I6Rq2gMOjMxzkDBka6z8="}},"9zcjVgYCN4IRyFvztRBIu2JV3/F+cimfYQ41+PLc9oI=":{"valueMac":{"type":"Buffer","data":"+MYWu03icZO75AQhE4+YoN7ULyx0mazCgM72DPD/MBc="}},"+MW3h8dX8pIDOfYdzYpPZe3o1X2CgUlgIkQKHiuYzb8=":{"valueMac":{"type":"Buffer","data":"FhCyYrdgIwtfgTb7CsOrZOMBk8eYj7LTlx8RCN1WTw8="}},"+X95tMbCDc4lG/58VZVaFlD2LB8cfv5zezDFkye10CE=":{"valueMac":{"type":"Buffer","data":"o6IzMKGkBSwC56hqphVgi7gVCCUZZKS4k0Piebd2gNI="}},"+/r98iyug3u35WVyBRZTV2CjR+W1B0VEH2GKQOdkjis=":{"valueMac":{"type":"Buffer","data":"3BBcXpXefnt2kmKziStckC36T+ud1K7lL82co/usnBo="}},"/3jjR3qOx5sbsXljox61BjPAUe2XHRvvVZ6zCL34ac0=":{"valueMac":{"type":"Buffer","data":"VKHNsJJXgxONytdIPYL8MtuvwEVAPuPrIAV476vvtUs="}},"/7qcdGywiFsagWysyaZRe2EtnXIQUwWfOx243oV3/qo=":{"valueMac":{"type":"Buffer","data":"Yv+cOK0MWsTjv+SRH1e1y3X83oiMedcYkONsrnkC6RE="}},"kklNUno7Dn0XfBo1EFrcWvJFWokL2EHSyZGwVXOe+QI=":{"valueMac":{"type":"Buffer","data":"ew1vf4YSaWaSFZKjkZB2C7g0Xx+VoP9HLouDL/PMNrA="}},"gv195uJIwhuqlz/Z+0wNsH4dG+9hqVBHDu1dF8lghgU=":{"valueMac":{"type":"Buffer","data":"57eznnIMwpUj4998gdNWCstQQ7oOAMqSErqHNk25Rfk="}}}}