{"version":13,"hash":{"type":"Buffer","data":"Ti/w6PiZUtRW0lr0VYRXnjajuYl+wkzebiYGzDZrnogIROknS+G/Sg84M5Khs/rKH1v1utSl6qNNKjTyar97r22Kuh1cMLvrqM02vZVCKvID5dyjUVt8QKqMlhoOMFBxkCkyT71CClVW9cwpOW53DcZAcMcmTdOCDW8YgAnDW7g="},"indexValueMap":{"AQuMEwwEDK9Q98NdYUFfyI2mQsxue+JKVRqtXD4gejE=":{"valueMac":{"type":"Buffer","data":"DiBuyNAATke5GDM3GGxTJRI9MVvtwqh1einuD/4MPJU="}},"ATAW+fEnLr3IEBxdbPwQMl0Xj4rHuRDKURyvfEEELGo=":{"valueMac":{"type":"Buffer","data":"HGht3psKPgt4v8F9YaomYEIvxKuYWSpx9AIEr4VN9oY="}},"AX3EQFNji42b3PqHVW//C2oKWr6EkJEbcqudfz7OHsw=":{"valueMac":{"type":"Buffer","data":"Xz/25ytt0MrhowdqpZGypAAUzuncTHYBEciI4hEXJqs="}},"Alp7PnvwmhTUuts92XxDszyOCB24htB5bgR8aokC07s=":{"valueMac":{"type":"Buffer","data":"dpyHL+UtLhjaYGHNtZ1A+H1c1GnimSy3F6G9J47GckE="}},"A3hJsfKPxvfqyWrEdqz40wac8trZh32tHTwfLVIWLMk=":{"valueMac":{"type":"Buffer","data":"X1Xxm+A+PchGe3bdE+ExUDq8DpGwEYlm56+/M9Vo6jw="}},"A5wgee+w7VlPbK7YRlU+tIALRwPFgzw041P0E3xeKPE=":{"valueMac":{"type":"Buffer","data":"EuWuZl964g02wqnX3cG77m5JV90Ml1CPZFSOy+jNfMk="}},"BB4+bOREmG8QW3W1rKqjTH87FjhJ2IC5OKw6OVa0maU=":{"valueMac":{"type":"Buffer","data":"cbEThQoaIbYPe9JAFs2nKoHmQH3YkFOu5mv0kX+otSY="}},"BIdcvdOzcq/HIcOdyod9RcURjKuoTLeE2uY0iq7POnc=":{"valueMac":{"type":"Buffer","data":"xE4ez1uVjAZuci9S2va52rn002KzbcrKgb2Ne2W5lMo="}},"BNybnf6lewLyDG9rMMWQLiUuPAauQzkYzRZ0bJDB2qo=":{"valueMac":{"type":"Buffer","data":"m6bbtv4uZXBHC1jD7sNOSuvJg1bphO2fUvbeXXLdHgo="}},"BdspVSWGYeN7wrPTyld68qweiXgLp3bOs8RMBJB5d1I=":{"valueMac":{"type":"Buffer","data":"DWc1borKo6vVReeNbblSufz+IJmcI1ebmADBMefcQS4="}},"Bj3kkFMedF84zvXojzZxUbgs6eQE3pc7mM4ZxamTEek=":{"valueMac":{"type":"Buffer","data":"I179GQ7mdf1OCCr5Fh21PPFNyk6TBsRFAMEJCXhb428="}},"BniSGuX3NMhqlW+F27+wLmqomFHP4le5aapV32JL8tE=":{"valueMac":{"type":"Buffer","data":"bnSTZb+bVaAqukE03qAJzt71ZCl60iqYMS1C+uu4neg="}},"B9bp0GDdpfD2l/Lm1zbcI2ZBvx/36z8uOd31dSexxAc=":{"valueMac":{"type":"Buffer","data":"nwHbW6y5GhRQtjEPR2jiD7nMiHFZBdnVeMHi7M6K1ZE="}},"Cm597ODwHn5IXCSz1fJ0+bvbgdsZxvm3DnM1Qdf54Ew=":{"valueMac":{"type":"Buffer","data":"REl/TRgZN/1+elahV0ooB3V6QRJjyxX+726wArzeuP4="}},"Cp90zGId3e+LBALvFrXaArxBFiEBr9NjWa0SUCX/1Jw=":{"valueMac":{"type":"Buffer","data":"IEJ7Adz35o0gEq7QLN7zLvrByWWh8BCXKys2JXlKcoY="}},"CyJqvm1NiP1U045FV7GrkoYYkLq9DVfOHA758nfxnsI=":{"valueMac":{"type":"Buffer","data":"LRfhG3DaCo242OAP0e5xF1KEYj4f71enK1zaHi7FSfg="}},"C6wSTN1Hj7nPvs6C7Dzy8M6p1P04A4GiI1ViWcd02bg=":{"valueMac":{"type":"Buffer","data":"Z6QAuH1qRB6jvAAALSPRQARafTywmhILGl5WT39BDqI="}},"C7NGhTMUfJa8iDIAgQqIGLY+6qwi0YLHN/sT/x29DQA=":{"valueMac":{"type":"Buffer","data":"FCImG/WtG/mYhiuP5n/AK4yceiOmVfUqKveIonzAocg="}},"C/+d6Om0hsurJ7h1eGnXMeYwAt9wfeS2c0A+xnQmj+A=":{"valueMac":{"type":"Buffer","data":"ZIq5AC4+syGs4yMx0ytcCyAaVzHlavtPUZvCpwsVRm4="}},"DHyyGhrLn8X1vDQxe7NVvicH8tDKEcsolkJFpe1uQw0=":{"valueMac":{"type":"Buffer","data":"vFdoMO1VWY6D4rgTzTY4N344iiu+ouKxK39ft4kfYSY="}},"DXmAdAWvxKjVMC+dquPHi33EZnuoPpu7zMXdLmOSfhc=":{"valueMac":{"type":"Buffer","data":"hPhpmtlC2MRDwcAqvy/2Ko+T4YnrjrhZ9hNdd8pnzg8="}},"DhGkzRoWOEoCOpC9ShHMoK2oKPKcbxjZ7+BrryKg4OI=":{"valueMac":{"type":"Buffer","data":"f+ygcYO9061OoDU4tobiSPZP4LgAupnpM1wbqIIo/Og="}},"D3V86sLji4eJ/4RIy0pHhe3rW9CMNqJ+F+Y9KXeLLCo=":{"valueMac":{"type":"Buffer","data":"OQCul9ihf/lhMqnBtOwU64/DX7haPMG9YgyHXBnFhus="}},"EDkZddr1KE5iDmiFi1HsPmVaqyDrgYloVgzdN7o75k8=":{"valueMac":{"type":"Buffer","data":"GPjbT4p/PWdSfcq23tjX7CVaR+6EAVmkZ69mtAfUaEg="}},"EJml4JtorNJinm7nQYQuegMReuJfwY8QcQFkyfOUJAY=":{"valueMac":{"type":"Buffer","data":"Rpe1vjFXbw9Cg6qSuwnmZOICQfArg8CgXfoMohNk8rU="}},"EORKIzDkH+FhEE2Lvz/gGljp5OmvwkBh75mHIWk3WBM=":{"valueMac":{"type":"Buffer","data":"B8ynwb3r8GAzdMTfSklrUmEZVxHy8YyvVIcbkusoUN8="}},"EPYog7cgybPTgcMmu2Au000PQx4j2L6k8mgqbNbES+8=":{"valueMac":{"type":"Buffer","data":"/BxwBUW6/H2mgUT6+w8vZ3lIkz0PPIkhJRqkbXRS+1I="}},"EelmSFWqS887J27nN6wkHrviKAEppAcMnemrhuNTTZs=":{"valueMac":{"type":"Buffer","data":"O7LA8Dfj95ROnRmfXbkhgFbMWXppDfO2zIW/ezjxaMA="}},"Et3zG/ZmexOBTKahukB1T4V8ZvAqbJSTRirSUbNaRGs=":{"valueMac":{"type":"Buffer","data":"0Gy03duaYtKl8NTO95PwFyai278yn/RhiKTvOSY5UfI="}},"EwysNUcdrAQUk4mGlzT52HGjURg3CXNtOYwrObXVcdc=":{"valueMac":{"type":"Buffer","data":"yp2vIp+hX50IFKSiaqYTgZzOtwK2i2vy+R2rKJVH2YY="}},"E54io5ic41FO3k1rmWk+u05KanhO5CyynSbt2P4ejWQ=":{"valueMac":{"type":"Buffer","data":"8QNVM8hmCMzd4ALXZXNK4c4cQHygeCb0AdcUrcuot/g="}},"E6P/gyzcYRZALVGQA2HOX355G94UGvp4EmDryTPJtpE=":{"valueMac":{"type":"Buffer","data":"47Jmnpxh9IFQ0ryncaeJbZMiqlZF6zdBZ1CArWS7jBU="}},"FDR+E+lnzkdJ1eIE5rnvUv0Jz0hcVMeEBbYpgcB0h9M=":{"valueMac":{"type":"Buffer","data":"MBr7t3ouA9BJ78aGgvwUgkmUGW4czfFs3FOwJCcDzLE="}},"FK39ENDJQVZFJAEGZnM6t3qP/3DlID6No6gk/685lVI=":{"valueMac":{"type":"Buffer","data":"BJ9aBLWgMjM6M1hFRcZh+8RbX/KO40DWXVJHacFGYHg="}},"FOpzgKRP6oVHKA7JzdTWjOYtr/AS3NUUEL9w+rDKwBo=":{"valueMac":{"type":"Buffer","data":"rfQ55tS+qgYoSdxkE706W0rjh/BnuQpf4JamR4wpc6U="}},"FQ5kIoEXsSoGfgkvuhJv8zJq5jtps/rVqzdjdd2clCE=":{"valueMac":{"type":"Buffer","data":"hJuQw/khwxOxEHh4k6lIztVusAJtq6Gs1EDZ58HrzWk="}},"Fr0D1FHUC/T4QVhMtimWHvGaHqGsL2ZUqv/fA9cAe1k=":{"valueMac":{"type":"Buffer","data":"xwK/X3HRrGfPu23j0xvOjpwhy/afp5FMbTReZ3qfJkE="}},"Ft6pOBIiARAGVEh15/p8YickbfN8PBOYqDUSuW08uNs=":{"valueMac":{"type":"Buffer","data":"GIsyidbC1pueVF/FbzTAzcXHbRb7U2a5IiU3hAxRVYw="}},"FzGzTco1CuQVmyFScdyEiKMEXeezCsVe722nOmepMLw=":{"valueMac":{"type":"Buffer","data":"9daJvFFOgLEqQxAdceUoihNZvjZTgFx+/nRMBCIce/g="}},"GAMQhl1FBfa/dXz7uqbFyS181u8rfs+kJGmZBadSrXU=":{"valueMac":{"type":"Buffer","data":"V/eRRmJZRGQ/OJmKbU6G6HwvUUSdcI8BR6AySmnbS/w="}},"GDIcwdqHUAEHDU9YyNfMiI4jdNQJIhRELGcaOey15Ow=":{"valueMac":{"type":"Buffer","data":"KMzrFSP65CjlDXfhu4ftR4lJikg5+fOuewKQ5P9Oy20="}},"GJvM5E7LnCnPzEsF7Y15NrYUfe1vF3HUN2LEjlzvDRA=":{"valueMac":{"type":"Buffer","data":"jBkwh46sYsL6JnBr05xwUy2HJ7/DaysXEwuZpcuKp/8="}},"GbxeiqeiQiqWE2k4InFpqJQjJoiolnoRMkrsT6Y4rlM=":{"valueMac":{"type":"Buffer","data":"uUKvpcVv/nrqEthPJEuBr+ZVlMSrtYR2B9XY7BOKjBQ="}},"GhQoUcjbCykY66EAsFIQm2evqz4DgkBB2VKWSy4Armk=":{"valueMac":{"type":"Buffer","data":"Bllby9LHlVowa+PwUw4PaFpYyW4yTINX+pl64L50RpM="}},"Gj23gP/cX4RcaLSdMOt8IDIEpfWTx17xpayh9w15qV4=":{"valueMac":{"type":"Buffer","data":"TAPs0NtqYSbG3hSoAi4j4RBjQHF4gaXHC2beCH2Ag4U="}},"GlrSVIYKDjCr19lcBmd8jZwsQHkaNAk03f0lJuWvX3I=":{"valueMac":{"type":"Buffer","data":"5U/jlT2vpq3CcVh4zoxZKHYPqi4kFsn65xH+jYtOdZw="}},"GxZTs1YuyIyaNX076VCfFSwJ8MiSKcb6Em/tupKZzfg=":{"valueMac":{"type":"Buffer","data":"9pJClMfDs4OgrjsiAAZP8zHhQNec0/cz3ew/+TKHCAQ="}},"G3gec4tWJUIG8yBwcVGDIlcca0MkZPa/Q8vQUKtSfAc=":{"valueMac":{"type":"Buffer","data":"xsfpdUjpZDxfknGzCZrKccXaPA4RKoCXbAVB76cT7Hs="}},"G/lNA41A/mdbppMA5WU6njJRxlPphn8cb3vX1nX7CZo=":{"valueMac":{"type":"Buffer","data":"a43xkPuCGsYfEOdDNdH2hqbWA0fTxf8XsW7kqB/7gJw="}},"HBdWRJhpADtu1XOnOKg2hnGUWN/9D+aWRLlx5J6iIyM=":{"valueMac":{"type":"Buffer","data":"1TMLQBYk4tFyoBG7VPU8iuHkVM6NJ/yAAXflHQjbflU="}},"HKQeKzi6XDX4VFJPx0vMOqWoAJV2HE3yBv4c3Uc2iNg=":{"valueMac":{"type":"Buffer","data":"r7lp7VRhFlTeXUAGVMuwmJQPAssnehRr1rbJOUWk1Fo="}},"HOFiHuJEN2gwRh3Qh8kEJKYyehTH371sI0in3k6cGro=":{"valueMac":{"type":"Buffer","data":"uxewgGlCWzc9DBlRUT+hOoCsUOE/b5mCvNMLQ1ZZeqA="}},"HOmGeQZvfQ6p3I5NiB+Ya4203j94DxAzkK/WxxvcMNI=":{"valueMac":{"type":"Buffer","data":"fgImzpaG6gD/AU2p4dM177IaK9h07fWHsTYneq+8VPc="}},"HSJFNCgQChDvgaioTRF7JSOjqfbDuy7KsV2tLRq5958=":{"valueMac":{"type":"Buffer","data":"IArTbITo1/nMXfNQNuK6btHSJL7cNAqI7Q8OGURX55U="}},"HUiYzDoqrCg8o/oec915DMKOKxUmxsVMrefhwJK7Hcc=":{"valueMac":{"type":"Buffer","data":"KuDFxp3bjCByPQJLv1T8fyMd6OgWtFKfeMfuA3jLN9E="}},"HtIufv5kGYFoU2+deyFtZUrFWEoyxs648QIcgHtanjI=":{"valueMac":{"type":"Buffer","data":"TR9Lr+E1jP0F8fVPfQDWLRj3ypu28NuUM/URwWjgReY="}},"IBEhoiUCtwrJ0uSBDP0wbtFBAja8Z8IUTKHO7VOge94=":{"valueMac":{"type":"Buffer","data":"8AjAQJbWGOsNxZ6C4FGnU1+EEhYbfFg9hzI4WCDivcw="}},"INAAvqQd346N7PxRM+orD+Oc+1cx2GjwreIcKbJOtng=":{"valueMac":{"type":"Buffer","data":"toGliQ/hL1pOG+pvu6k7DtOMX7Dd4vp4tefKBeQCJL4="}},"Ibgp78QMVnbU6jz6rGWKzCV8ij0hnSUHL+DMH8+Be7M=":{"valueMac":{"type":"Buffer","data":"nuVKluqvYy0SZUxNQLav1z+bzcIysl98CO/ceqo7H98="}},"Ijl61zBR1Ip0vK7I1fsfB1qS1xlkuN2s7mVrXKK9rsw=":{"valueMac":{"type":"Buffer","data":"3UNM8iu73CMJP+uErk0r9ANS4Dgkd7KVcKqdJqSlDLI="}},"ImU8HhVKq+rQCj/BAAYCPsHlqMLqOyHexBKoZcwTOho=":{"valueMac":{"type":"Buffer","data":"EE45kE3kHFpKd1vkAe4j5axV5CziDgf6G2/upXSOXEI="}},"IpRLQoXtlBIxaA0wiC/fV5JakYtFnID5XKOtJhZ7+Fc=":{"valueMac":{"type":"Buffer","data":"OEyjkZYI0R85OyTA6vTK11ueD3fOrm4tNQ1Dc4EK098="}},"Iq/nQZ4gPzdp8Wv36W2FNNxL2OeE3lMlMFWfsBTl2DY=":{"valueMac":{"type":"Buffer","data":"K5kekmYEw/wAZBmGIy7bECyya5Xlp1b4h63QVmJ2KCI="}},"It9+o0518henOhxQ/iIbsT4DxZzDGknz5UmBV7nUDM8=":{"valueMac":{"type":"Buffer","data":"EPSjt/b6E7DQzfhHb0mCeZw/syE/+eI/ZBrYLkCjY94="}},"I4rgut9dqrIaylwY7EM2aJAIxxYbYardnqT6GuS74nE=":{"valueMac":{"type":"Buffer","data":"NIlBRSdQrICjOBQz8nUfWcVJ3dc+vIP6hCesMkPPm1Q="}},"I6kuaOL6/yhxfvZKE9tyVjKPGNnICyKZsAP4FqWODpU=":{"valueMac":{"type":"Buffer","data":"/6kVuCBijUH/dThoqbG9ym6B1GqquowK516SM3bjryU="}},"I83doRQc9U5XVSsUBbyKJjxeGSLMZRkrO9TiIPQSNIk=":{"valueMac":{"type":"Buffer","data":"H8IMvnb6RBdLet72piogqtXxClWnSU4ubsg73gIKQdI="}},"JPpuT5gyGjKZb2TwENdT0EXZla6Sz1SArCC0J22iEO8=":{"valueMac":{"type":"Buffer","data":"LMSxBeNZDiuGQESkS+LYYbUa2p5aVYOEBzuXaRfyVR0="}},"JeR5gAe7IwUWslmM8obVfM8xLUAEbBH1l/+xEgOtW9Y=":{"valueMac":{"type":"Buffer","data":"hUBx2fsrXKsQsvBahxeu91FjKPqP3OXpQIrpcR5ixmI="}},"JggyxImlo0BIyB28lq/ECHZXSF64fHhfUPJXgIJPFnQ=":{"valueMac":{"type":"Buffer","data":"3bA6ski2oauBXt1Wd267y86tI5DcrWX9uoDwivrnuE8="}},"JogH/1YP0CiLeSskZvr7xEam8Gx6Fhbp5lCvOk5l6rU=":{"valueMac":{"type":"Buffer","data":"76XZLjMTz82CaOmeJfIuA+bk7D8ZXaKPgJZGb5dzVsI="}},"JrOpt5oCcIpn0cY7ymEnl4NNR1YeJR7eYPaRf100dRQ=":{"valueMac":{"type":"Buffer","data":"xHw6MaJJqNlO0mdLQTP3wq7rOqcrxulhMiDH7ycz0BE="}},"Jx/Fs6foF38R3XTNKGHnownnTcHn2zSTI3HPvnZZl10=":{"valueMac":{"type":"Buffer","data":"E8y/yzy9RN+rFXDJKSKslhM6197BH6jKk26913PiULA="}},"KLJ4TTQ70MlQfYhOCftnAFcPt2+D7ikJRGkjhwLDmpc=":{"valueMac":{"type":"Buffer","data":"TMSJeZWc+vu6z9Hc+o0Frl1dfk6jkff4s6W9a8s7fmc="}},"KMBoMuDDdWN/hv1Zz6blFQybnIv0jPqhjLxq4eP8Un0=":{"valueMac":{"type":"Buffer","data":"SsSZoLzZGe2qMrm6XyRZ4M/k0nvuuQg9X0QngW2zmJQ="}},"KM8QLc64PN8d6I8gPCgs+8jwKJcR0/rAXH8mdfPY0xw=":{"valueMac":{"type":"Buffer","data":"0k/6SAw4YrFGm1aoaf28XqvhbCH72vYWl7ov4M9i/cA="}},"KTnIxwGaxGUl9Lxge7+qb3jTZO1hZ5FsWqtP4+YfpSg=":{"valueMac":{"type":"Buffer","data":"G+7Bkpph13EY1npvagestXn1QaDaaii1izcMIQqCKGI="}},"KZEh155q9dfzMai9x3RooTyZdchvF4MLeKYgwNfyPE4=":{"valueMac":{"type":"Buffer","data":"AdZ3Iy2jGJeo8vlNLh0G9jVbEY418iQesUjkLIsyEDw="}},"KaobuF5zx2BrT4IDW3aNFqjR4vNoaUJgEklv2+A8gRw=":{"valueMac":{"type":"Buffer","data":"nBtGhaOHPJN75E1XIWb2j5+irBw4nmYYhpZ22HwcZaI="}},"KawlF4rjX5VpfiCt6G7fEMvV6dYapil113cNDS2s+gI=":{"valueMac":{"type":"Buffer","data":"CcmhfME0bw2NZ1WrOw1ZjeI4BykPeGW68CY9kj8TJCQ="}},"KdXZ2D6agUmD7ldYMjHlmZhTjyn0Mi8MeOjMp2bUAT4=":{"valueMac":{"type":"Buffer","data":"N5cWKG5A6SHIYPv03g3N3TjypPJCTWmS9Q+f5sZIe3Y="}},"KvIOjmAzjbRysIbGgjo37OgwQ5hw5n4RgHKGDxjCZUY=":{"valueMac":{"type":"Buffer","data":"7HAgGnFk0px/L47RQ138NZe6akcy7DnvlrHGMp4OIlM="}},"K2rCesChbJk8SSGLg/hBOg8R0kWlfHiFzBZWPvu48Jc=":{"valueMac":{"type":"Buffer","data":"b1Pevx7+GZF2hzD9VAcfR4BwAPgf3v2y0GngLY0Eqco="}},"K3vdKYbx2vsFsU2iQSEn+pgmlzC5K6kKe00+T1JyeyU=":{"valueMac":{"type":"Buffer","data":"Yer6IOg7cViOcD71kcLxIqakcHHM5D4efZ+pAKEkxjo="}},"K83mGqu33SARqgqhl/IBTKO890qKsE/M0tDNYS5rNnI=":{"valueMac":{"type":"Buffer","data":"JaWP7g7lorrFdci4MDXsLtd8NsKYp2B4VBn8Si1HdEE="}},"LB135intOjo9Y15TxS0FLQehvpZp1Nzd3QTIuW5TB0g=":{"valueMac":{"type":"Buffer","data":"si7FNiKlIcPFRp1SZ0hsOcc4vAElPt3RCfL+1joltPo="}},"LCmW+VaarsT7dvmVqfqWAx/hLLpc5dPe639zmjQyh2Q=":{"valueMac":{"type":"Buffer","data":"ZxTYgyUayXN6LnnGylFyN2ghIw1mOUKZtDlda1zyOrk="}},"LHyVQ6IyQwlPGmEfTOKOBj/4sxvLzJlGo2rVEch32o0=":{"valueMac":{"type":"Buffer","data":"kib5zgPGXUGs2IGs8xqMRcgH4bQOCYFt1wRmlZxUJWc="}},"LR+OgEZ+peaZwHqk0YZ/aSZOT4drPNKi6lyNybnQE1M=":{"valueMac":{"type":"Buffer","data":"nxEnRg08v0kae41OyhYhQFkvDuW+ukgTZ9P+CVeDu8Q="}},"LfUSQyccJKbCDrzBQlho1AQD79sLxnqJ7EqGmQllHI8=":{"valueMac":{"type":"Buffer","data":"sDELv+ELgdlrnU/83jkc8BWxJoCAsePToMYPcYfoWBc="}},"LhtRzYPaQlrKBdjJiQBA4uOfJneTzSbHM33XywdgLUc=":{"valueMac":{"type":"Buffer","data":"lXqc6r+7V1rATkHUVMK+37HF4A084dEAFrgE2fIe6nM="}},"Lr+PP6CWvKLHPQti7s6qxGVk1qiwtswl1gaKD3Iu1g8=":{"valueMac":{"type":"Buffer","data":"QGkiUwXs4uzTdLpTFDj//75toJmWZ/7EFdZE/hk6XKU="}},"LtB37hSJLEn11m4EVAgZjbgah91OSV7LYneMHU9LYm0=":{"valueMac":{"type":"Buffer","data":"SGXzCaqWhC32ILVRDxoV577Ai6auIo/bVCDyw127YG0="}},"L6BUIHIumzD0Hh0Q27L2Jds4kZcGbb60niViik1i830=":{"valueMac":{"type":"Buffer","data":"A+DIzLOrZoDXUXhn9XhkDf+pzRyT9kjRXZ99n27f9oQ="}},"L+CbjIa8HxyUpd/YviVjUG1qdQAKnisneN2Y63733so=":{"valueMac":{"type":"Buffer","data":"bwkv/S+rv5vQHXzWbfgExE5LqhY6Ixa2AWjK1aKJ1Kw="}},"L+Rp0zG4tTCDPn7MZPvnjuR+QjoOmJwvYGMsSkFjb58=":{"valueMac":{"type":"Buffer","data":"jPASz9J5S2jSB3QpdCM0FfWYQ+EHtzvVVu6nMAvEejs="}},"MA6bpjZpbT4vlH3V358S6CfB7v9SQ9eDgYk4XOsyc8w=":{"valueMac":{"type":"Buffer","data":"4VHqGzko5m52Bn9d2gkhy9mw8PWldXZ4MKA/fFgIA3E="}},"MECCl5KkLKtH4uQU47kpekDxgoq7IGxmzU8fbkoRIsg=":{"valueMac":{"type":"Buffer","data":"cIP9fLm/WKNNfuriY6xRC1z7gkynlJeqd64IuPA4ltE="}},"MLYOkDpH+9euvlj2Ps8iaxgMUXKtCmtk6ozZ4z0GyR0=":{"valueMac":{"type":"Buffer","data":"7jaklCdkKf0DYH15oYAeIeTaTL0HC3q4ujnKEpNowk0="}},"MPCLjudm8ohfVVZUhCaZAY867kgqfF++/XYmxeIv5sU=":{"valueMac":{"type":"Buffer","data":"VTgnMdUMbfE5F+6alJV7lJvL2kq92AnAuHO+OqQGXc4="}},"MU7IGYqlB0+N4tSo1FS57XfQJi/FDuCIR4RJfpNqMQo=":{"valueMac":{"type":"Buffer","data":"71VIE/tYCOBYjiK73RFDXjKteSFUcKHzC05Dm3a7d/8="}},"Mhj9dRcggVYAA4R3/T9iP1VB6PFAUjX6gpp6e8QjYfo=":{"valueMac":{"type":"Buffer","data":"7pX9dzJNtOONJZgBwO706nWD+iOUigQSiepP9YJQspo="}},"MlSe0Sl/scVzTI+yrArqUwLaiDX7FqRlv+W48AjNNeg=":{"valueMac":{"type":"Buffer","data":"o898i9iTMoR28lXaDEc6JE97VY4vKTwV+HBDCsJXeVk="}},"MqVkjxicLvjErAfTe8Hb2JELpfU5O1PMvudM/19kbJ0=":{"valueMac":{"type":"Buffer","data":"cXLp8HGu+XASWPXefC4Iy/ZhiJknAhBeZinkxrGBmPI="}},"M3ufp0jX4V7AbW12S4bULV2swHvBC027RAErmy4fwQQ=":{"valueMac":{"type":"Buffer","data":"et7meeOau285K9r7alujlBERp1BwLF0gOxxzW4DNQFQ="}},"M/tGh825r9nDNhQpsUnPQ+x5X7bhoPgU5QQDhmbPa+0=":{"valueMac":{"type":"Buffer","data":"bva7hiVTQwmkE5iOoLPzamiNpi6Q9yedgC3aCKxInA8="}},"NMcXcOt83qeQx1iKFYAetB0msrtwZwMg7THJGqXkKpI=":{"valueMac":{"type":"Buffer","data":"JuVevGJOZdkPT7AQdUTHQNqrbJMRQ61Q90iLuu5FR5w="}},"NOXRGn2F6IsSv8V3AYQcJbV8YBLI1g8oMF71N9F0BZA=":{"valueMac":{"type":"Buffer","data":"P3ziUp4efBd5+6ucRFX1vBY09TiMfTDMe5NwHl3vhuk="}},"NUyReLA9zo6QqPY7rLHGNNQn10mUHLJy8ksvVNJT5HY=":{"valueMac":{"type":"Buffer","data":"3Ctew/OvJMlqe8HVyvhX043mqxiA4Ux1WrZiM7wZfBc="}},"NXsfu48lxjpyCNP5YHNFC3crwGldrqfksRGz5nyc3eM=":{"valueMac":{"type":"Buffer","data":"xOkd2HC+vsfZpQ2gxYZyeHN+YGBqvzT4XlvzNSDKt4M="}},"Neyv1yUQGYqSyXjkABkIwZ30qkAfTdBJA9ZVMDEX+ic=":{"valueMac":{"type":"Buffer","data":"//7eqTZbSjhM911aJ/1ma5wsDOd005DnRkzNwXR+bAI="}},"NipwbrA0cxU8zBdtSbDaQ4GmeABNVB8TRnmo/PZ/8f8=":{"valueMac":{"type":"Buffer","data":"3KcIPvUBeJ0foc849DeT5IOO7JmfKliiQDB+sW8QIgM="}},"N3fvg2xmF7TmXirj0Rt93WrnM4IvseOFu3G8ZvkMYms=":{"valueMac":{"type":"Buffer","data":"ki3Lrk4WuefN0++ChghCAp9kbqTRJ5j+2Iik08Po8XA="}},"N8OAW3/I103YMqBQRqWLnHo1oq4I23LkN9VQxAQA8ys=":{"valueMac":{"type":"Buffer","data":"1NYNVplumnrWDhrSEs293z5y+RtpgYhut5ErA5AXEgA="}},"OHc7dSeM0PfVNLD7BuGOI2UkvTmDCfNZWNr+v9+Owl4=":{"valueMac":{"type":"Buffer","data":"uNgjZ6ZoCD5qYpLCWSx+zlnEst0soT0nZHAurSSHuhM="}},"OJ+0TErP8n4GPLcwtm/3t71AaFjEWtVoXXH/xMNEMLA=":{"valueMac":{"type":"Buffer","data":"zvnlUismCKVicmvM9GSwm9zlQ+xmo2YyWSr3WlZ4vas="}},"OPb4H8QqPpSRRFoTOuhyAPbsQM0hi4WbBy2+0XNSoHM=":{"valueMac":{"type":"Buffer","data":"43HIpYlTV5qLeL3PJPult5OLum1IiqMECDItdUig9vg="}},"OPuUIKFOJ5C8Qwmn/pApDfeuzDRZcC5cQgXEyMt+8Ng=":{"valueMac":{"type":"Buffer","data":"9aNwmkpE3HHbuBY2T9LcbuAujwiYSkXe9lI37+f5GqU="}},"OoI2IpFgrFJKq0HOAJM4wIB0MGbb1Vk9x0x2mtWZ5yI=":{"valueMac":{"type":"Buffer","data":"n/FH6SGbcf80fe4kUsqn8U1MR9jfSicX1ohWQlXdmT4="}},"OtjRtnb8OJ++1/b16cjgCo4rD9OlppbwgdyMPluychc=":{"valueMac":{"type":"Buffer","data":"hezQx0a0gctzF6Nli2dDJ7Wyboq9nHi7ZGqSBw4Yics="}},"OuxaWBTNC0BbGRKLm/ptNoVEnXu56rAsS4RO+oeUa3Y=":{"valueMac":{"type":"Buffer","data":"g9iMhRNeW1gF0omoSt8MspHr/whfnAi7cIkJSK53g6E="}},"Ov9U1FKoMJPvYzwxbFarhdqgSnijIhh4+GcrylHmNdQ=":{"valueMac":{"type":"Buffer","data":"p60wDhceaIdfNBe0mFWe/Rh7+Sr1aRIb4NycogYPI04="}},"OwTk5SFUi89YKvX7Nxa4unGSoEPYw4Uj48wAmHJd0AA=":{"valueMac":{"type":"Buffer","data":"5ns2nqknodcULQvF6ihJQqos4Ak/7TRaWfvcQgrtQM8="}},"PCXl/dvODa3zIJB6C/rgGP3rIeAAfSL4hig8BZGV/2o=":{"valueMac":{"type":"Buffer","data":"qgqKt1dSZ/gPoo1NxHXGeuvrT4Dj/mNkSGpcY/s6bG8="}},"PE6yR0NXpH7FQxiIsnY/AkgH7NZWcZ9upMjvsHGbuWw=":{"valueMac":{"type":"Buffer","data":"G2VUtUKmpSuOUk0i7k1SgW/b8JqjVVp7O39BknCJZCM="}},"PGaXcZwI1Vlz18JvKUhQmGpsWwrAU+aH1pgmxyN03/E=":{"valueMac":{"type":"Buffer","data":"XR687IXG9QWmxZAV36fmJtEF9pdsW1aaWoe8aOupb5A="}},"PMTUc8lTCKn90SVwAeQ3UzH4MDLrL9jeVIQ8l5H+gqA=":{"valueMac":{"type":"Buffer","data":"zKT2GQqZs1XWy417ysTMQ1CMt8jK53kL3exk9tm437g="}},"PfniQBlTDSIQIZC7848Yn4RHw3l5Xqz8bpoE24CtXRc=":{"valueMac":{"type":"Buffer","data":"cMmlJ87W4ax0qyxdwICZ1Guo4MN5GnwiDVZw7FdYUIU="}},"PnfeX1J6Yasygylk5qdTyWePYt+5EWKMeLV09VrN2Xc=":{"valueMac":{"type":"Buffer","data":"se/Rl9ASvyQMHanD1wfRbUKoIbyfi0p4GRTp9/LdNqE="}},"PtqNRaY62pamCGXH7VTC0vaEkA5SY1rT91uplIsWrTg=":{"valueMac":{"type":"Buffer","data":"pIzXMACJ0/KH7nwFebosFrQkLRw288+L3TsnZGDgc9M="}},"P7DCeVqnkQOjHm88b/qzXRouP9N5c1EAxhCBNUpEuvo=":{"valueMac":{"type":"Buffer","data":"MvyAFhoVzVbqClr8InyQfVwLmT8aa7D0cZgn5TbG3rw="}},"P/aoWhhyExKMGEpmCRxGp9XOYSBti3wrB/Iu1Dt1LwQ=":{"valueMac":{"type":"Buffer","data":"gFYcnnQGB4mcgt5ToZyYfzCabxu4FErZLMzudGKXQVg="}},"QDF+LsDyTWqXc8IHI1RQzrhHowmALPG2nbuQEDckPlo=":{"valueMac":{"type":"Buffer","data":"0Z8x83+Agu/4AseINYG0ZMMBDXPjjOw9xNaxfSjBrrc="}},"Qg4MmD3Xw3foCzHZueubkC6UH4znqSmg3Qo7RbuJAsA=":{"valueMac":{"type":"Buffer","data":"ycSaj9e7akwsoqpPpz9ZT8f5EjsAGnPJ62IL08hVaCU="}},"Qhl4RROETjM+Rybz//Kj2MWP7gwmCT94HH06KTzs1HA=":{"valueMac":{"type":"Buffer","data":"0SZT0h8F/d7iAO/8UjOeiKMJTTHl2bhLNTcWirAv6Fw="}},"QmF0FQst8fH2Ncp2rqb0/osR4jgf5BWzge8mTl0iAMM=":{"valueMac":{"type":"Buffer","data":"/wHftuI+aUuUmJ/kKY7azxyy6gx6mmavwxUEpTaKpNc="}},"QufUvU80K+aKShrGLIoiIoZCacojKXtpoLhlZM+qoLc=":{"valueMac":{"type":"Buffer","data":"lvRHgSXS1HEYTGMLtEdaq+yy6zJSs52aBUcy90ymy5M="}},"QwCMXbW08sm7mTj7Iq86/IyKLYExhzr/s7NZnFdY9yw=":{"valueMac":{"type":"Buffer","data":"9jdjRkTQwkboGxKELOkkoYj7QHV0Nb9PhClhYdv/iFU="}},"RFtXSwLQ0DPktx9Pp3LGC2k4sqhPM2DwUk8HAnKIGU0=":{"valueMac":{"type":"Buffer","data":"FfTf47P8CEgzC2U4gFFZvWtATY18ueMy3elmTJW/ydo="}},"RH9V5VTXDRejaf0Nn0M3kzPfiD/kpdlW3YPl26r+K40=":{"valueMac":{"type":"Buffer","data":"f1SHod1rPMf9jaV8wn8f9/F2Gq+8MoCpBJz5QaF+AI0="}},"RZaIyv6e/T88Yhl7PhXJIz5zrqZe6/qqeGJ/GjJwfIs=":{"valueMac":{"type":"Buffer","data":"UMjzb9ZFxquJCar4IghqW0DPAzCdCAGYMV/gqd81YNo="}},"RblEy5xr7f7sW4Z4W5iBEYaddzKFQCJhvY6MpVXhtuI=":{"valueMac":{"type":"Buffer","data":"+nbHGi/WUWwmwpWnpFkIBl1U6hZmzrnym1zjwh+feIQ="}},"Rf+6jfP2fcIb6eHhboduV3fTeuk+0SC7QhCRQs9IZGE=":{"valueMac":{"type":"Buffer","data":"k7XbqnXhX57x9UCAfvqvYdjeNDTD2cKs9AIXFbnh8kM="}},"Rf/i99lU1zAUcMIIBlXLqpnFZfyuhSdC20vxjXsjB2o=":{"valueMac":{"type":"Buffer","data":"cx4c/zBJlslAcxA0OU+nHQXT4vffPXVgQRvy8dd9tBQ="}},"RnSkrcnR/0khS8Nj1dpfg3WXwqEB/ZO1G9YiaQ1Zmtg=":{"valueMac":{"type":"Buffer","data":"nuvOhk9lLDAtmZIeVUrMfelGq65g/7xuaV6aOQiCEBA="}},"R54IuAP5tp8dtnJ2UWmWfzy0clPg1mE/pVmzzXun8Xo=":{"valueMac":{"type":"Buffer","data":"e6q6vF5F5Pioi8iY/piSuWPeNnZ3fy9IqMCcVljKMLc="}},"R/5nflfTPVpnHGHtWRUtsK5K8DV+leHH9FbGjbhh2HI=":{"valueMac":{"type":"Buffer","data":"O3gHH+rbHHT7brlOsz9+4Pxo0J0jfSgHuYlg7j+lJ0A="}},"SE3dIu5a65qXIr8Yfz/R2d2GxG05aYwnsFvvOqsqohs=":{"valueMac":{"type":"Buffer","data":"6fExTClKHc9fJ/6EhYBJd+NSx6e4W39q5oF88lCxL8w="}},"SPQCTVtUMlywZdr5oeFIA9LCn5SVYA2Z61nD/wOLnCE=":{"valueMac":{"type":"Buffer","data":"z72avCnEZGnLEk4ev6fL88i3TsRrMuvPbuvK0ca7hz0="}},"SZUld2HTZxc53zvUeXUn6P6F1sK0swxWp3D6oDQFgVk=":{"valueMac":{"type":"Buffer","data":"6EPMnaCqs7c5hgBxNgIaGIoZJXBXrI4FIBUsSk+EA34="}},"SdcfMZg8wVyoMHvYodVBHLLCIuJer0hhhyYYtshZb+8=":{"valueMac":{"type":"Buffer","data":"9Q1ZQ0NKiwx3NbVyK+DHxRHLufnvCQjhrIeyw4S1tUE="}},"SjLe1CrXPynVVDOwHmOE9S2rLkQt0SbAWIcKFIJzjCs=":{"valueMac":{"type":"Buffer","data":"S4t72AOgGXgo0IxbWcewsuw5tgBtSSQlDBuRwBvDdUI="}},"Sjm6cgn4xj+Smj4xS2rw2GtxaBDxN8k6k0hGwK9NDpY=":{"valueMac":{"type":"Buffer","data":"h7dsT9IJyo4+K3pawhNvNEjfXghBI418khOVIGDvBG4="}},"SnqYU2KFO48IF9ojNxQEbHPviGcLCpSNBKp7h7G1r94=":{"valueMac":{"type":"Buffer","data":"dahlK1Q+Sl0nMU+ccv+hfh4XGWQi52C+zaFeWOJuLpk="}},"S1Vxq18ZlaVyv5icK2THQfEALixUsiYv3pfVKeluEjg=":{"valueMac":{"type":"Buffer","data":"dhjATHNatGlzN10N+wAfmVIHifqZvP9C0ufBVhTkmZw="}},"TEyDKAejuarb3nk4V2MiJJjM35T0ZEzdoLw1arQzcy8=":{"valueMac":{"type":"Buffer","data":"ZZxiVOMfmILr/U/2EHkvDXb1ahUgXL76EQc5oUv2Acs="}},"TTBFH4WGWiw4JNLYfOwmVJAFHNKouBj1bZnvZvXdwyQ=":{"valueMac":{"type":"Buffer","data":"vbef41x9KsHkdXTuY7CgtmLZ8S3hlDl1iqWf8HJJASM="}},"TTZGKxV8riueY4Yz4e9NnEd7ekiE3o2kXy6JnuiBnQ0=":{"valueMac":{"type":"Buffer","data":"UwazMOJP0wigu9zPTmC0OSSvQesJDjE//pnm2yW2KOA="}},"ThIgCZSwIITtajzUr9ohDLZpvVkSxOSkzx1Ma1UN4KQ=":{"valueMac":{"type":"Buffer","data":"dLZwXrz/T2ha3zdU7BNHiieQP1NUVHUwXKE1MRe4dwI="}},"Th8l1yYGL7I4K5DQWrcDl3Vh2PXSkqbSPC2NSt5yysg=":{"valueMac":{"type":"Buffer","data":"I/PknWvSYaADIXwKFuoJejIpwyXZHIl2S2G8IOwxVv4="}},"T4VNEj3xWErzLtmGrCnEzwMwCnV2Oh2vEcTc50opQD0=":{"valueMac":{"type":"Buffer","data":"Ost1xU5UukcHIiGiY/rgZouEhnAKTBTTnK2PrqQO3ko="}},"UCdB7H5tNF4a5eSSBJwwlvzCEZsr1iHE8xXDcbmPrH0=":{"valueMac":{"type":"Buffer","data":"bKSOhn/xgrgap3af0f/PVEEv46dVR1LkXBxj/eKk7eI="}},"UWNFHFc7CqdXEv7eUCAt7XKRe5aTH2IzK9ZWof7296U=":{"valueMac":{"type":"Buffer","data":"J8wN/WHGIUQCqFJqoNnz8z+XzIOAqmYyhG1NPlC88NU="}},"UZNjzE2VZmQsRmnwAlk1XHhrbxZQL7XhRck9y2UADy4=":{"valueMac":{"type":"Buffer","data":"m4XmafkDrrUOprEL9bO+ImtxZm8qxG/VFZn0/gz2nDc="}},"Uv6HvTbPx0EQ0UiCVVcdlmCwxwQPxF3Op1IwzOBjbBQ=":{"valueMac":{"type":"Buffer","data":"BZ/fWWApzbn5UK35YyvyvdSBxJ17ByK68Bv3JQRK6Lg="}},"UzPLFmoK62E5XhLosB2l5mCoNVV5iwK6Oon/2vp5Zu8=":{"valueMac":{"type":"Buffer","data":"TJy6dVjhgAj5xa8og/LAasDJvIBbAM/ZiosebHRg558="}},"VIHak7g+mWryfHQ7IbOtlb3kocNen0xttbLKYrCIfeA=":{"valueMac":{"type":"Buffer","data":"YQ78teyz3F273h+LwBrZr28ruSrwVh4iKQwv2Eavdb4="}},"VI2OYY/Yz+4dPkkutb6hc9CuHvXmKHgeZvh8CC6SNBU=":{"valueMac":{"type":"Buffer","data":"UpMLWq+3NTZz9iIDYqA3cx6tbVR9awyxdDq5wiFdeP0="}},"VXPaqBBdSGD8ZNZsb6i05ngFQ+pD2H1C4mfie6Lyq1Y=":{"valueMac":{"type":"Buffer","data":"4PVT/+pWdyqV7vs7HNXVdYqEpyasWL9TLvNy/vZ9P2w="}},"VahKLXsJBAucC1Jc9Pcms0Y7Jcgv38Dm49MgpZaKLyo=":{"valueMac":{"type":"Buffer","data":"n8ODlXznk0GOdF19/wWEtZuOcNeef/jxVap4LY+5JCk="}},"Va0m92XNfSXYeQHpZ9Z2J4KR1jzUB3GglmZGZFyv3no=":{"valueMac":{"type":"Buffer","data":"6NIdzOkFRU1NQ9EzjaqrZS4iYwTL7gxs7/cPCC5WcnU="}},"V+kEcKJ9I3iGrBhjWhH2HW5wJ8Rh9yw9mO8zNmF1f0w=":{"valueMac":{"type":"Buffer","data":"eB2BE9UXZhFyXde8jeu7hcmFkMONEiNsqDzVfI5oMMM="}},"WBacUPpHdPncY0QM3RnK4UpikbwRnB6dbpCpo/7RSmk=":{"valueMac":{"type":"Buffer","data":"srL3gsVvyOLbLC+PeCJP/WjRw35iX7FHJ2V5SXzChQo="}},"WclWNwRh/UJtUfpdY9oT1i39b4iY4fjtCI+ehtTrefY=":{"valueMac":{"type":"Buffer","data":"kAEgzat2u+YdDTjtuZ6xejgM1kqVsPUNkHNtSKRkhN8="}},"Webmu3yvWE6oq6s/qByRF9e9iT8epPuQojlDnwATY14=":{"valueMac":{"type":"Buffer","data":"UgIPYGLFiWZRckxQrUmuj5Z6mGMO3ktpMlITQWgKveQ="}},"Wim2YV1zHI64L5MKkIR5T1yWcCVp6YuL/6UWG0QwH6M=":{"valueMac":{"type":"Buffer","data":"woKxC0WXy1+y43+9hk1u+5pqwDIYscTk1qziHpigIG8="}},"WlLV7rjGafw1d9YzX2Qgy55YXKoGPJ8195j1Hzdkeec=":{"valueMac":{"type":"Buffer","data":"FQfmukjpx+7TDwK1xvG/aBM3oO+Kmi2OMtIuYMSCyCM="}},"WmZG3gEdnJzrP45TaR8g5rmChtx7AvO4Y2MxM6dMyuc=":{"valueMac":{"type":"Buffer","data":"hbKiFI+K64HS0v7pe01LYUfKX8mEdxOVrzKseDkSe4s="}},"Wpi150Hpa0oIM47W3yq0QabzBXYuFtOXRrQ85bU/slI=":{"valueMac":{"type":"Buffer","data":"0s89BT91BtXCSGzEroBg37FttLXajZkj1Gb5r7UmQD8="}},"WsL9BhzJ4e3GrXsKZZ7MCNDOvnRDFg18NzElrwHIw+4=":{"valueMac":{"type":"Buffer","data":"dOxBXixbrzh7g1d+cOEiwBOEVEVM8I+o5SSAblS0zos="}},"Wu9vAp2uClg4fYnrxTSSsnvxlzi65wgr4vxXwUltbu8=":{"valueMac":{"type":"Buffer","data":"UaUDs8OsU3kApn4p0DWyA9Qjlypi4gmNUx67Qkd/2/0="}},"WwhkJJ2F5/lvPShcpPFfd5X7dkhYUzNohhCz332alJY=":{"valueMac":{"type":"Buffer","data":"R286/utc5YBFNcjYwFiN58TRc9BZjIALqA90u435NLI="}},"WxcJe+EaXMgOW2gLPcclA6AghgsO0fbvB5YmVJSCBSs=":{"valueMac":{"type":"Buffer","data":"pmj6TvuHInyqt0YtJ0PEIKrKTEoTgLf94twDW5v5gZs="}},"WxcKPpdca08vEaSXYcSYgf++G3YwQnzO4N+baqFH7vY=":{"valueMac":{"type":"Buffer","data":"pdP025E8ct+Bv2e8J3o+FgXuDaFm2gJGaFNydODYuPA="}},"W1f4lOoOc6mXXBRjLKIa2+Pu7uj6xfnO4jiMMTZdtEk=":{"valueMac":{"type":"Buffer","data":"BIjrj99nJi1sLfvoaJRjpxPXK+IoUOHJh3YLCVxwfkw="}},"XEzy36GuqzBZiJ6vxYtXl8SIPrgwmgZeINxiw+M8NiY=":{"valueMac":{"type":"Buffer","data":"uG1ywd7Qiueo4+Z3aOUHQAUx6S1cTIlINEDuI2nviYg="}},"XFVz+XvypTh2b3dBVT7ESuUYumdUXGkIYFy+rf2sMhg=":{"valueMac":{"type":"Buffer","data":"UWyTQwihw8BgnaDEHysFDmYM2LJebP/Bg7WUX0tNxt8="}},"XUGvCSNK1VS8kJ/ElezQQHMXKyaRkTVZm2ETq9T4jN0=":{"valueMac":{"type":"Buffer","data":"BH4fIDZXMDUV153VWJqhVJg65XeOgegsUXKz1/RBgRg="}},"XUu36aftDRkb9SABJ89ihL878afCauGuvWF9m6dtnZ8=":{"valueMac":{"type":"Buffer","data":"UddKoX3CigI1bu1UGUpwUvL8H98fEuGwJGoSLBp8Mfc="}},"XcXVIOaeKpDnyorXvZksd4hjq7ZK6Flq18yvfUfb0Qg=":{"valueMac":{"type":"Buffer","data":"kiukzEr9AQl8aCVausIl3HY7LlhiCFwFmifCgq4rAhE="}},"XkEBNZRBtPA4GGHy9c0kN9gwoGK4ZYKeLl6DL6HTpto=":{"valueMac":{"type":"Buffer","data":"2GIvt8fsTFcAUK0JUlJ8y6I61yyeexUiYGYPaI2TeLE="}},"XyhMltjCZwF4b4Yi4joOlDKC8Ghh7SyTAsUhLGnLvA8=":{"valueMac":{"type":"Buffer","data":"ttcofZsYCzN0Ot5lL4/12xSdEYzNJE372XGf4HgodGk="}},"Xy/cz/b+jxP/SByf+9Wccytc8dCW21FUTU8hRAkjtAM=":{"valueMac":{"type":"Buffer","data":"1H6ASVMkEZf/nz8IjHVdHKHmNxJ2XP5Ww5mkaAO7LhY="}},"X7wYdlKzOYcUnEEzVHXZzcl/Rq+9viloJGKA/1rJiLk=":{"valueMac":{"type":"Buffer","data":"ZQMmQ6m0RoDXuSKc9dppzQHjHXQShlG7xRWhP+b0img="}},"X+XP11PhmYI79LjFrtsRr8nFkA/jIpRTiHhoE6EV9+k=":{"valueMac":{"type":"Buffer","data":"SZ91l/8mOUaxmazs23mVqgqFU+vABmfD+/6bnI5boCs="}},"YAtm4HDhAr8djpcY601GYvx4jjOx0SWmgloBEZbU2ZI=":{"valueMac":{"type":"Buffer","data":"r5XdoBRIK8JiLuEcductxN/NLeTD9eQ3WRyJmQHNhjA="}},"YCTjlk0bH7Phcg5n28+2mXTLYsuY7QPEAtTn3eB1OSI=":{"valueMac":{"type":"Buffer","data":"6YY5P9C05E12QeyPKt7cYTp42F6Bzg0BhRMb97UKrwM="}},"YCpAAhz3rbteTcMGEd17Dz54QyP3SWBxoIrLlaD+b6M=":{"valueMac":{"type":"Buffer","data":"zLQs/3snXY//nTwnNzlmHVqOKOxsuiru8PHHZ9ghlvg="}},"YctkwzscJm3IeqQv5kEZj2JebhJ6qWlCSXAX4y2w6Q4=":{"valueMac":{"type":"Buffer","data":"YmCfxgWH2QVJylV7Mwydso456PZOy4n34GDzyIr6ofk="}},"Ylpk/4E+hj61ts1vw9XgVp1TaEWaHSbyZsmfjY7z6Mg=":{"valueMac":{"type":"Buffer","data":"SXZ4xuHM99YIoGsiGCvbiOZUXVKw9KvdO7qwtnTIrG8="}},"YrHaxmhpWa89y6i2Jsy7zMD8RW0yZqjBznx2GRjkhuE=":{"valueMac":{"type":"Buffer","data":"TDQZo1aaVpx/RwE5EYLNU+QIt98TtEa44sxmG8zpdZY="}},"YsP0iqtJW001KJ9Lf9+seQm8Becgfue89xkoDm1WzlI=":{"valueMac":{"type":"Buffer","data":"LMP1NOS2KVP/V9pslpZgQc7bB3zrpT6q1mE48/EzW34="}},"Y2HSr8AQCPNnNVvNq0s/yyUWKCrcRZYApx5EKUs/3kY=":{"valueMac":{"type":"Buffer","data":"dnR2hnNCV4BmUQN+WvTEdUZaRoaK6Bdot5rMD0ppd9Q="}},"Y3WBa0ltO94fVNFNq9qk+JYMbdVDu5zLl2DIShO17D8=":{"valueMac":{"type":"Buffer","data":"0kZ8zo6UDsmU354wtNSSxcGqE6gLDWUfdzaIn6HLmos="}},"Y/VVb7EZNvfytS+qQKU3/vokv8XoeqYeRqyQTPbULAk=":{"valueMac":{"type":"Buffer","data":"NjuDPDi3eyZ1voj79koyxxrVeOe9h7NytB7rnA7aPcE="}},"Y/pmVguKHv7TqnYSy7RQARqVt0lF9FNXZT/ZIRUdV2Y=":{"valueMac":{"type":"Buffer","data":"NmMKE37AIt/F+eYu8YQEKgzlZCRzStg8kI3RESRx0VY="}},"ZDVP27jE9xKJVJuGUXZYiMTTEJNu2giO3K5TXjEwiz8=":{"valueMac":{"type":"Buffer","data":"cVbieI5mWhz5FV16rWjO3DEfQvwHgArY24qYMXxchss="}},"ZEuOOVr0rToGKUqeh0osiaItStm27l/5BbjckG8hSIA=":{"valueMac":{"type":"Buffer","data":"xwnwuqnSD3DKY9cIENKKnjNMnZsst+uBJcsM5nPTXsw="}},"ZSZSam7nkR3UWA39V3nQQVWwiWAJ3CugCfvSKsFhti4=":{"valueMac":{"type":"Buffer","data":"4svidGdAAi0Reo5XFiMh2aG7TqCIAFkLWx+8E/X/CoE="}},"ZWBIEiHgWogZ0n6b7yyeK+rc6Xuvp2jfrTTgdLGKUys=":{"valueMac":{"type":"Buffer","data":"xxZC1SbF4YwZMYQ6BdcqHgIew6ebs6TsQzZS01scwX8="}},"Zn7qajlHfSglXn15v2Lin4haucLsl+6Zhm7GyA5cOpw=":{"valueMac":{"type":"Buffer","data":"w+0r6imy+SHtURBOd75xfvQKdKby2zW0mj7l1nrCzWk="}},"Zp7rf62uJs1eTPhXR0CH3cz988wamlNRIgjWbersrzU=":{"valueMac":{"type":"Buffer","data":"zNH5FNTPrQRXsPdMvJatBx9isizVO5sUWNfs3kTvpAQ="}},"ZtcxXeTyKSZ7mS6Qp/rIbUCC88O0kPrlyZTnht1wUE4=":{"valueMac":{"type":"Buffer","data":"sSnBUHnvCnZpPjxPzee4ryRvqwp7a+TW6jXo9Dnghjk="}},"Z0Y0CGKT3RLnnG3B/l3X3IiQWIZol/39sK1Qe7yKnx0=":{"valueMac":{"type":"Buffer","data":"1iGeaTinEwP87Ou7KR5yikb3UlMhYCUVGFlvspB8Yk8="}},"Z+HSyfB2nwgkQsZUWHjxshjOWEbEDELZO1a07UmTKmo=":{"valueMac":{"type":"Buffer","data":"64i4J4xGLZod5HgbPfjWiZg+H3H+C6fVWQysd2Cif0k="}},"aA1XFGz576B+cOm7tguyw0fe92ven7sSUbApVr2sUW0=":{"valueMac":{"type":"Buffer","data":"VlwChqEFPqVsCDJTFVxqdgpCnCkFLGVKYgvV5vJ5yZY="}},"aH57R7Km3smDPT2tfwORE5P9lU4n6kIztAdoyIWbuHQ=":{"valueMac":{"type":"Buffer","data":"mZwmVONnewvAJk+RBdjlDlz91/7chS3e9E/1GYfNmMA="}},"aOUJr/rLw/jRENynsRlVVstzqZRGBi2rvwRbjXfIZuU=":{"valueMac":{"type":"Buffer","data":"ojftOR19PuI5daGlt11wURTfldp1vraV6PXWz1lc1G0="}},"ac4oSrgHSBzFjnsEsz6mhxCWvO1YOaAUWmwEfOJfiJ0=":{"valueMac":{"type":"Buffer","data":"JWMRrcBg5xcmERZyBQJH8s3M8c59yeSx5GW4B4ROmMo="}},"axFlF3G+s20IJ2f+xFiTgnu0O5aNj6hPToSPkyudzLs=":{"valueMac":{"type":"Buffer","data":"itduwQquSyq/CRJMQVqr0R0AY+qyrZd9LmsbGjaT5Cc="}},"a3XsPsS+d7zJFTOLS2gwDR/pboQhHAic2gnInXquxd4=":{"valueMac":{"type":"Buffer","data":"MmQDrOcewcJt2zw45hfASwcuI+PKevnrv00/uEC9UsA="}},"a+suFa8V3pmP1okkhUGGlACatBK+cxdWwfmPb7uBUiA=":{"valueMac":{"type":"Buffer","data":"kJaRGvDgK+zbYl9VmI/s+XrRy9Ku0q8+8xEc2bQdGus="}},"bI6auppXradyn7zahkMlpptI5AJgo1ELAwEoeqdv8LQ=":{"valueMac":{"type":"Buffer","data":"UhsqhQhSdX/TVYirZHthFE9DMSaTjKXF0VXd4GQRnm4="}},"bN+/7JXPT5jA+DeG2eT4sdSSGtwjInQcRx/ucK/OyUA=":{"valueMac":{"type":"Buffer","data":"cz81ZZHBvjoDJIt1n/i/uMAGpxC80+09QtoKttaFlTE="}},"bOQ4VoOCEdwD+Iz6/I8FWGCY7ACcd03P88WHocCVnLA=":{"valueMac":{"type":"Buffer","data":"epub/GA8y8Hv9woMQ2VAkdhVrIwQHAyD6aLWJeCPLyQ="}},"bWw2JVV5SvKV3X6Q0Kn83IxvLUqybiHR/83rVC2YLwc=":{"valueMac":{"type":"Buffer","data":"5Sk8qrYYQS7Ridl8E27AB5wEmVSbGoYTAZ3Mktk7iwQ="}},"bZAHPh5pv8qOo3aBpBxOhdr5Chepx292iD7blGkkURQ=":{"valueMac":{"type":"Buffer","data":"MCoJR+vc+UNcJL/ER7vLQH165c+cW/St4dsvirGgd2o="}},"bgCfLv8s2toNNEBo/XguW5v5Lj4BNX1099TXFEwe3zk=":{"valueMac":{"type":"Buffer","data":"guZ1jkTF850RDHNYRBHpBWfhdwur8YVBg0wM0xQ/goE="}},"biNm3nkTQB+A+8zl8Aq8BDm+m45uhAWMh++iQ6Ns3ms=":{"valueMac":{"type":"Buffer","data":"4RTV53MT+ZFwmXAm70JIrch4xhB1Q+lXQTKhZd78V4A="}},"bnsMe0Epf4Wa5mESpRrr8oXszl0GXESMHr22+PnI/PM=":{"valueMac":{"type":"Buffer","data":"h8omIjYutoR/QKl3t/YiOsqmF5NJ9gj3iXIwdis4m6A="}},"b4cMIrXELZNLN7T9laTO3RVzMA4ltJEQsHCghZAUu00=":{"valueMac":{"type":"Buffer","data":"LgEg66R9/69XNiD+gCpTQ1CMNtWniJJAhco6iWvQRQI="}},"cBRFicxjBARN2ePGvey38UxxjorOuLg9d25q8kfxQr0=":{"valueMac":{"type":"Buffer","data":"MX7vdhKW/IjDobjV7f5orDCZJrBqM8NyhKaQj8bHeHU="}},"cBeqMzDOvfpi1gdKen56kVvjHEiwEnVSnkcaRo58RZ0=":{"valueMac":{"type":"Buffer","data":"7DKTmITILE2BNhbCqE2g68ZnhI20hwVQl1/6ojAS5VM="}},"cH2aeM2g49hupPgOiHVaArz9zoqKm6fJzIuULK3dwuo=":{"valueMac":{"type":"Buffer","data":"+Dxx+qyyrDTWvMjKAWbc3yM2lYA2oHiODcqpGg/ENN0="}},"cNtjilSSOJq1EGRIxiaeevqG0HCsyZf2Iqox4y+c0d0=":{"valueMac":{"type":"Buffer","data":"6UiHJtGzeRlBfLokACnFkkvZy3DFl8YHUpH3PCAjMDY="}},"cYpPJ2CdSxA0X43KwvvwCI4XzYlZBdbx4VBUXnZYJwY=":{"valueMac":{"type":"Buffer","data":"RdgEODhUxvkMi9KPz9G17RGTJKPjAw5yitf2dowK7c0="}},"cZ3HSfUKV+/4p2Pxxb6T0UQhR5quTjBdKAtRZZbbi1g=":{"valueMac":{"type":"Buffer","data":"2YLNO4auxiQ83yHWo3dbQp7JTjBbUBeinHiEG0eHx6o="}},"caHj+UV7MbiKoYVsuKNE4L3wb7uG66DtyzFRQFkU5hc=":{"valueMac":{"type":"Buffer","data":"CVKPZyk+9dvkWczrtyp6yrqzbzMj1LT3T4CMBFyj3dY="}},"c0H1WoFMabMQdSgTMgXhpb6xpaHoBRrGgSCTDH0+c9E=":{"valueMac":{"type":"Buffer","data":"YlYkdFxje49CTQWxcx4KJ6pKcmHsIvZRJExkQohg2VQ="}},"c1Rwe6M0Feqo32I4xd/oyiQ8jLn+eKx2/+NXJiJWgtY=":{"valueMac":{"type":"Buffer","data":"FDcdVfDp26tfK18jg1cRG/1VtpaxXIIoAM9bS8HNQ4s="}},"c1mZEkLW/r56sn0X8xOHeGh6MH7alrNa03h8sCC7lI0=":{"valueMac":{"type":"Buffer","data":"SBSAn6s4DqDfAPfv6jwNkU1TJ7fEAYrNAVsgln16pFE="}},"c1xnQIx1YPQVsFv3BlB5vGVFILVhoFuHKfKminhXG08=":{"valueMac":{"type":"Buffer","data":"lOMOI8EceA0NCmUXsmHQQSBDvyvIRNdL5JlZpBFNVmE="}},"c2YSz2UF0s31Un6qzIW30Xij1cmylhre2EwwKTzVzfY=":{"valueMac":{"type":"Buffer","data":"qSYljUsOStjc5XbClIRo5ag++cc89uDQyfayVoLFTEY="}},"c+qnvmmeR34WkyPoxWuSZQOqPvijj8mp1TLoETKQJ1g=":{"valueMac":{"type":"Buffer","data":"0T0J4LkBmUOc+LBwT3yzC1zXN3qIfWFBydGX2SFi950="}},"dBr2hmzvJtgVCNf+rSxW1+QsizNGlJlJCVL8YVV9gsI=":{"valueMac":{"type":"Buffer","data":"Dpr/tFuIir/3bmf/GBl8sql32ByK3+YBSqb9TMQ5uIM="}},"dPTXvvdVp25Kvx7BAb/2AxVGHTX15qTx8tCrhlOfulI=":{"valueMac":{"type":"Buffer","data":"h0stglu03iUHGILLeBFHWqkj2cQe6dQw/S/TKODpBNY="}},"dtnymj2F7jvIWcGsXQF0Suab/27SETUKSIvuKWIHLl0=":{"valueMac":{"type":"Buffer","data":"TFQC2BwZafufaJEfRobOPjfPOC+nJBWG5DW8T4k85qw="}},"dzXueT0Sj/IrcMy/+UGExr7reN+6iN9SqBjK0pnGwQI=":{"valueMac":{"type":"Buffer","data":"H1gF0L9hyNTwFnvfSwnDfVRQouT4GyQMFxf5ySfQOGQ="}},"d0COSKDi+pwPTZXfrAN9KjWMUL8JoxgL/mwLp/TXYPA=":{"valueMac":{"type":"Buffer","data":"bQILy2S+eK9XzjWJOyRk5vztXGq7KjfbcQUcSj5zPOI="}},"d5M5cgjmLeFy4f/WXlfvjrzEx/BbQyPoBepZ7/0Ffis=":{"valueMac":{"type":"Buffer","data":"snJseIK5VQXKRGOhGt9P26LvQC6yBeg+Ei/fYHd1QZo="}},"eBoGJ/D35zSY1MmI2tIkm19wW4GZPs4/pb6PF/0NemI=":{"valueMac":{"type":"Buffer","data":"7Im8BadGZdD+vkO6a9BtL23J/Ss0YrKVRFm8x2R00iI="}},"eEbdNRKB43xtFncqJNhbu6d1u74I8rhpyzxXwPiaEC4=":{"valueMac":{"type":"Buffer","data":"Ec2qmuU0t9ecbN4eBnubXjsbn+I4GBiKENO7DcQXAx8="}},"eLb8LN6bhVwY8PmTH51nMuoqEIWh+kzZffMA/Ek6g8k=":{"valueMac":{"type":"Buffer","data":"Fhyp+ZsTcY1Hx9OegO9AyKNovnpdeGhPt07Vnb6zJHM="}},"eUXA4H+hNP9CRHlFmGmEbp5zfc6sD1FZHbcGT702qA4=":{"valueMac":{"type":"Buffer","data":"G6VCPVGrRecdegOT9yDJNRj2dK4IgubJ3KjO/rWKPow="}},"eXuPWNrHF6dtISqAWDy5jHEzoLyjIattROmjP35hnNE=":{"valueMac":{"type":"Buffer","data":"q2ZgMiLjvgl/k10W1t3Neiw0jfx9jzENzCeU5mqdCuk="}},"egZzU6G+Q0snD4sZKa8nsQ4GW9d1z+NXjUzD47CZYUw=":{"valueMac":{"type":"Buffer","data":"5kS0PknqciPtfpnZL6UAPJOtTOtDotM2g68ZgnlOFwk="}},"enGv8r2grH4N/thdpu49tysm57tnoQRvzDXs0NeWLQE=":{"valueMac":{"type":"Buffer","data":"ErALDYiM5OHzI/NQn0P+FKuXDDgv8PsjNNQR+t4hag0="}},"eopZLEjYMVRwQs2XXPg/3OSph2P+Abw/DPD3Z4ZLbXo=":{"valueMac":{"type":"Buffer","data":"eKFeDRX3ksbYzsvAUzwosC/NuNNvjVQipsG7Zu/E2tM="}},"ey5SfK187v/Z2FS0pT1t/0rHQNwUXdzF9c+aspQnUuY=":{"valueMac":{"type":"Buffer","data":"Eu/l7jKr6bIGQxTHtG1JrN3cvYRnuQWNQPk/1foVt9o="}},"e2+h0+UVzJ1zfPVRVqC1T8EpIFDYZeGegEuSe9YJtBc=":{"valueMac":{"type":"Buffer","data":"IJN4oOia4pMNJhJOfNLMKUPBh5r2uGrkisrKuWkjH30="}},"fC5Ss0hK6HpmUaH9DPXUzUsWzblm4+TTh+vCi6F2niU=":{"valueMac":{"type":"Buffer","data":"OoIXCR6fG3JMRsg/vHDey4m6IgEZ+jha9QQAqoicAZs="}},"fDmQpOxfcrtmeEoyFu6PUQOogykRdBl15D3lnmPzjgA=":{"valueMac":{"type":"Buffer","data":"Nr0gnDdKS1kMWZqDzi1GSvegbWUCeDpTRWKcgIQe2A4="}},"fJhacgmbizHzdfCHG2FgUzl7uREcTu1m9NXRi9NwWOg=":{"valueMac":{"type":"Buffer","data":"ttgb3Jmx9bNNz2p3b9yRO88hYt9HvxBkcAmAooTIU6A="}},"fLWlqfPxMtVD8KF79lxFJMKCySZXHbznuO5vUvpsv9E=":{"valueMac":{"type":"Buffer","data":"x78JiQd8wRolv0vg/diYzuD3qBY92j0flQVdcrLRy9A="}},"fOJtJaImrpOBt37BXjW1Iq2iGKajYN7H03jKscWPLUE=":{"valueMac":{"type":"Buffer","data":"wA6QGTQWbNgrDtKQkq+3iHTE3GCSLJn+E+IfYtHWRyQ="}},"fWfn7nHrPbcDenViIqOUh2vmBaaFq/HSuX3zdveXSZw=":{"valueMac":{"type":"Buffer","data":"42sz2ySFvLhs4WQE+5f0dd6sWyuGk8uBIaG1TEe9Vm8="}},"fkzKWCX3M7tDfKBOA1plyeqqtN4nOdSC81pKrB5C03s=":{"valueMac":{"type":"Buffer","data":"iz2UxaZAiUtAHKK/M2DcefEUschjTfHbu1s9ckeXqXQ="}},"fqVnTMs4k50U+ftxFwVNIvj+vEIpsZy2+Gx3KCFo6T8=":{"valueMac":{"type":"Buffer","data":"n1yeZO/5wHVH5ab0RLfCe2M+LbPWgoKnfSMfTa94uNY="}},"fuuqh49K/M/IO7u97FxiO/9b7NuFpNTVa5zCJINRoBk=":{"valueMac":{"type":"Buffer","data":"hevsd26WGmOKL5o3VicpFeblov8IgFvnpO49uGdFLco="}},"f8Nwo/VOjzeWkYdmqv3JARIkLqR9RQip27yW3A+YzkE=":{"valueMac":{"type":"Buffer","data":"4GtSmE0twT2y0DsyBODdzElBxanQcD8AoaZe/NWrY3E="}},"f8VUxMlFwKKiF/b1oaju1ez/CAK/odTS7fr0DGMn+3I=":{"valueMac":{"type":"Buffer","data":"8qEbujgJDPbvllcoYKV+t3oOaYSBpsNdWRpXiCkDKoY="}},"gBM9y5LX0E0tJilU0PxM4cU6Qv/PcFVJe1WJEV9klt0=":{"valueMac":{"type":"Buffer","data":"71K5YJJvgqJ4YTOodsTd16kDPfHJvZDehpfT4wazFpA="}},"gKi3W3M+5SIzxrzrRastlq4aKDtekGVTn03zwpQSqRA=":{"valueMac":{"type":"Buffer","data":"COPxb6MN3Rwiv11jDhKpsJaC2XhuZcsOw2teD3mtAks="}},"gh8phFX+EF+hZd7kq5lQRmmeZuOgWpzI969beDekCLM=":{"valueMac":{"type":"Buffer","data":"9SCcWk2LSOKCfWrYW2rz4HuBCc7c7DnYjYw+GSBtjTE="}},"hK9apxZ6IN+e7EM+bj+2tFgoROaf81XH1juNUK0B7Xs=":{"valueMac":{"type":"Buffer","data":"UuFkoPjR2rYw5fof/k/9DVmze0wT0wRx08tVNsYJAoY="}},"hXucdP3boGBarOxhWHN7zbwq7yo6PLVPRRFurj0So+4=":{"valueMac":{"type":"Buffer","data":"bHn9t4quUelD7+EaYAqmO0+4USzAKgTkNfVXM3Uluds="}},"hYCLJTOAjXLGFNTvODh9asf6IwPJancl6vaU6M64jLs=":{"valueMac":{"type":"Buffer","data":"OWISqgHXprvrhEn3HApocPgpMRrVjgk/p1LqL5nJx38="}},"hf9jHPOASH8q45xWZAPwBY9AxVg1ip9rvwtZHcAPapk=":{"valueMac":{"type":"Buffer","data":"24FQzZKQKJcIVuKZjwyBMQzdwfptyV7l+7EL6uM4AZk="}},"hlXxqGRcHr2GVndH6CUNdrrn5EOo+8aIWYk3anjEGIU=":{"valueMac":{"type":"Buffer","data":"zmpWBY7/3f19yoJK+eD9mGmKSWso78V8VozIB9XD3Ss="}},"hsZdQOSnHGD+BZd8FHG/EpEt7t0eXz4uwANPKJUdh4k=":{"valueMac":{"type":"Buffer","data":"hUQK8ZHCMBm+TWAc65O9forlreWTG9ZUVrS/J8Bq82c="}},"hwg+1KEmbkK1puRRQX1YGOua3IZurOqx0NXnzlSWk1g=":{"valueMac":{"type":"Buffer","data":"4rdXbtYcQ3cToNge5YdISqeN6HwBKRP4DsG/XL0crPU="}},"h3P4tdxESI5ply6ZbvPiSplZ9UOjX815a6zz1OD11g4=":{"valueMac":{"type":"Buffer","data":"is3MgnyGkOdFyrSnW30bx2HDyz8ZSw4vIsu+ZtBKuro="}},"iHeNg3qDUlhYiwqhmLChhg3eDk6r/pdYIx12xeaobIk=":{"valueMac":{"type":"Buffer","data":"ZAJiBivObVgo+N5NEqKYqj9MGdYUBd5YarV8UVZUF6c="}},"inF3vSt1rJXMeMAeyWTxXGw/Vt7qfWSYIxYCdcUEge0=":{"valueMac":{"type":"Buffer","data":"CmsS/jN0OqtA980A8JhzBMy7esbyGKAwOfMXhLHdr3Y="}},"izm017m2Jzanajn4aweLUBxq1sRUQKcV4TkjkuaLINc=":{"valueMac":{"type":"Buffer","data":"7w+WoK7PO62123jOnOLzcButolNdNwJ2KZ4asQMtIvc="}},"izvPhDfYWyo/sZx3e7dX1Y8OHxKU6/C+ywabuqEH3Oc=":{"valueMac":{"type":"Buffer","data":"gYi+KzHi5p1zABKRabdtEKayhogzbaOAEaU5DWDqZtg="}},"jcCsE6QYb8GmvvIC6quOhl+/UpMv8tdHih1SUXb5yA8=":{"valueMac":{"type":"Buffer","data":"qgxBn4L80x528uZ4kmTRKqMCT9dtgjXSgdJ60kE7ONM="}},"jeDz5InD43tNWTncmWfONwupMziLvYPzqXMLGm+0Vm8=":{"valueMac":{"type":"Buffer","data":"FupXn6/3rvBmx4P/NSTV43RxXka5v0IPcRxyqfnCZdA="}},"kGGMRhPPBnEsHTRfSNXM++HU0WQZ7D87tqSQFLROKFE=":{"valueMac":{"type":"Buffer","data":"sd54JHRnCgOC3hpNBxF+CCYqzM72y1TsoIpc5w5xde4="}},"kWUM4ifffzZk4qz16juRK8tgZbGZXJHpQvAllSljrxo=":{"valueMac":{"type":"Buffer","data":"XI6XdpvLQR/sm+sMW74rwX913uZtW7uYD7we2HUNzSk="}},"kqovWfHkWMrHj+cOd2+TmH74aOi1ISFQL1tWcIcbKIc=":{"valueMac":{"type":"Buffer","data":"x5b46kFHskVCp05n2E8EWReQEbLkGwRIFszSWR0bBTQ="}},"kvv0Nd5rSC+YcoI5ctoltVqOCOTvaALF6I64h9Wh5Qw=":{"valueMac":{"type":"Buffer","data":"0JI8s5Utk9WpFl0nlph0LjhqCQegbxAm7s/Rw1bYvOE="}},"k0ZsCGbZySLlNDk5W2UT4Ks2rhcB7aesSb7KWt3wVwM=":{"valueMac":{"type":"Buffer","data":"sSQlWsVecvntXekMPbWlDPX2dl9FHhvMqx5NZ5KjgCE="}},"k/G2FNmiiebibMVRBakuS/frezkkgArMghsb+yhf+JY=":{"valueMac":{"type":"Buffer","data":"HRZZ1cMGflZRgLuw7KhKjZqhiAuBs7O20C3sE/n8n+8="}},"lFjvi/l3FG2m7uHdnf3DkP3yRO2vNAaqewYsm81JwWs=":{"valueMac":{"type":"Buffer","data":"2407nymyNJ8OyqwxZtpaiMOgk1YEJDELEhrDq6HF9K4="}},"lJe18qCFxrkltxmVF+dwbu+qO9BduefAX6+qhyLDNN8=":{"valueMac":{"type":"Buffer","data":"xJIQZ1qfpD/3eaVNo9UzUawdDggFLmh2sE/2lNwAiHU="}},"lK2MtcdCht7QBdnSEHRXx0o1X6OhuVruBhjUa8k9Evk=":{"valueMac":{"type":"Buffer","data":"7/qabYrVwXohWtzqN3pWPBkOG/+/w7DjTbZPJ+uLmWI="}},"lpsLNb8NN+lD8tIdLCaeyrQJTcYAOAXPFri5QmMiFHQ=":{"valueMac":{"type":"Buffer","data":"b0IVXW0FX1muz62BGvINSDLBFBs7EPOKL5n5YfbaKnY="}},"l12l4jrK4qdUl2Lxj84J1N8lRostus8dRt92foJPQ0A=":{"valueMac":{"type":"Buffer","data":"8mnaTeYdWTyk/ptbK62tmqEzkavRycBDtRaNpyW/m1s="}},"l4O+jwWnuzSj3NhPVh7wmJpZD9eehURh4NcrPur5qdU=":{"valueMac":{"type":"Buffer","data":"6/HnLAk62k5z62Laqvwc+N84XoEVWg1VvKJa0HZYrnU="}},"mJ0BKAfATk0cyz7FxdoidRvK/mPtDDIhIHMStipq8P0=":{"valueMac":{"type":"Buffer","data":"qTYaWQUbRdOWnL4PjBmO2B2jcVMo6S8U2UThanx6M+0="}},"mVLGqqyC0Q7AdOLoP9vy/olMNDEfbIf8SSt2RNGn7zw=":{"valueMac":{"type":"Buffer","data":"WihFbA8+XZHlkynQcDS2k1lAjttcVoKZEh8XJf+5mnk="}},"mmvj3G1FrKucxGtxfje8e+XD/8u4R2Y+OV1S01p50lI=":{"valueMac":{"type":"Buffer","data":"ycgGKphIYtfXP5417s36Umg/xzKMMVWADcvIMtz7u58="}},"msFf3he2vRMb++Os12gzPHWrpGrQ27XQTkXgbUzpon8=":{"valueMac":{"type":"Buffer","data":"BUCCZ8EqlD/4eEeZlPKk0+IWbuL9xPO9owGMbbP4Uz8="}},"nEmDAWM/hIaduzLI9ChXVV4X3CfD6xtEld9BSi40ci0=":{"valueMac":{"type":"Buffer","data":"qglPBZGnuBEniaiJotH9dU5c13PbQy+jhZxwc4WFg8g="}},"nROhVJCula0RbezxE6CQktvDO6ZeQR9/YKqsZj620xw=":{"valueMac":{"type":"Buffer","data":"4YQMME25PnRjT3z0+5sxDsKIQwDJSRTG6F9rEmB6Ic0="}},"neeks/3acbQ9BZsh8gBMYVddOcNzA20vM3f0QL7SG/A=":{"valueMac":{"type":"Buffer","data":"nMX/QM4CUpXZJB9Sx1PhbQpB/hlk7etmwaLsa3lVB/A="}},"nkh1XJPuR3OiOVNw+SKZ7P29jOWDfCjqVKqwV+i8uTQ=":{"valueMac":{"type":"Buffer","data":"bQfiTQi9CbA7KjP2EQ05V/qugIWEk/+LMmE/FyDxXMA="}},"nneq3inaaThfxprX4OAHot8rxR0MVT0vuiHSwU6lS6E=":{"valueMac":{"type":"Buffer","data":"//ur+SJQsGrGuSllihqI0gHcoYcgxXOPMOdgWCqfyzg="}},"n1CK0QvHwcAD7iCVfdDNMTCuAse6VWY7HZxZ21B0sDE=":{"valueMac":{"type":"Buffer","data":"v/rXG/ZlVdT8Il85YIljaCyqfBqJTe/QxetT2rxwSI0="}},"oEHBusrtFblyAKA4V6Og29u+dvpYt7nf+e//BUY0FUY=":{"valueMac":{"type":"Buffer","data":"C/JocKyL54dfVUfPNY6ECJnXj0vEKoEIhSy1k/6zP/4="}},"oQaCFo5kXip0hOTAuRKj+6ZcU0fdUcTQftueQZJZG3I=":{"valueMac":{"type":"Buffer","data":"sr/uGDPWsanXLyUHN2ADF5Nx326NyBpFOCOXfU+0sBk="}},"oQqkvoTHa2gf4DbwiBG2bZ/iH6N8N8YQaa4P1kqB/Oo=":{"valueMac":{"type":"Buffer","data":"Mx6J+OZlkChn9EYyLja72fQYxGFY9+zzOXdZcxdvroI="}},"oYUb0aEssmuATFXcGz+fBOneTesSlR5qWIBI/mG1dW0=":{"valueMac":{"type":"Buffer","data":"RNk9HVHg/XV+oAH/IVKwwyoFIBmgzvFChfCvqcDWyrA="}},"ohhxmVm+yu4BZdWwkeNvs/pVBh882BS3LmOLYDhGtAQ=":{"valueMac":{"type":"Buffer","data":"7V4bFeN9yr8W66p/j6Flm0CREiF4ApDUbi8gxDkay38="}},"okXTM3/8gxVEich4kUrGFCQSXvnP0sys9TqRoq2C96w=":{"valueMac":{"type":"Buffer","data":"FqEgZd/Vxz6pLsoJyRCqvgBwsSFYhyRZhFjnl2Ogyss="}},"oukf/q33Pwe4VU46i0RTkAD34P2uSQeBDuTe6ho7iNY=":{"valueMac":{"type":"Buffer","data":"ZNF26VUg+JKdlabKa4oF118qbe5/TV+gwqa6uclrndM="}},"ovdPWchZ+ZlwDOiGRCXDKjPyvpDg1+m3Z3FBpNok6bk=":{"valueMac":{"type":"Buffer","data":"ABESgIxTY1t7A4hLO+V/geXV4/5yLgeq5S8yA13MvIQ="}},"o5tGXwjSeOE9/kyEBGG6laOXEWDFLcdnHcILhPGRXA4=":{"valueMac":{"type":"Buffer","data":"j9EvzxFC9t2LyaT/z4rHZ+M+Qk3l0hbrrivv/ye1piE="}},"pRJtCgQsGa4vE1zycg5y+e9d9ibKp7zfI8DdCJd7uFk=":{"valueMac":{"type":"Buffer","data":"9g87vVOL0OrIaJ6RK3WdioTrLme9mC4hncWK4SCGLf4="}},"pxCV+ycPo754FUzUU7ILotc/GlBbNae/u+EVitoECqY=":{"valueMac":{"type":"Buffer","data":"CxYmz/yDK/NdMaOmOftjE8eVE0i9MG9IJ2V78AGiiBU="}},"pyftIS1iU8fNb3eEVcdp525EkgOmf7uBlhtp2VJxN4o=":{"valueMac":{"type":"Buffer","data":"LVfiLNXhAn51icyGWyF8Qoe+OjqLcDtHDxLZipVe5/Q="}},"p5iyjgJQdTy6p7wQsWUOCSvlJLr3WNNh35BPP6sjWIQ=":{"valueMac":{"type":"Buffer","data":"BYpC9K3S9UJLXumpzsNW/hHj+1ntW8lUYqNu6Bg8suk="}},"p97Tq1Uum0/BSDd7Rc/mx1SgeJknABh3SEk+Q4GJSIk=":{"valueMac":{"type":"Buffer","data":"736XQQt1ZuKhlBgOP2NEJ9wIVI3eJDYvFkjTbLbSRIs="}},"qL8PhoA05EkD0IBX9u2bDzvXadMxRScdIzrdai1YlRE=":{"valueMac":{"type":"Buffer","data":"LwxgVnayrni15uKuwT7OH/sZD/Z13GcBcCdOwFdQBYo="}},"qV8h87PprvKsBhB6bXgXRVk0W/Y40qE2RGvq3chGjA0=":{"valueMac":{"type":"Buffer","data":"S+F9AKYv6R0OZLUy45EP8ae7My1V0IAbnra9T/SW2vI="}},"qagEVVujTb2SOta0BwG5byunubwhosV6nPQW/mD2faE=":{"valueMac":{"type":"Buffer","data":"bxizFPiL0kcrsVSRzfdIUHCvA55iF9zKaw1VdFnZ954="}},"qbkUPdLKjsZZQSriUSlwuLXwSW2t8dsRqfr1PMEIX7M=":{"valueMac":{"type":"Buffer","data":"oLR3rp/bwYpp3jF5iKH7doBxnTmqhD7obWwfv6pZ3cQ="}},"q2WIsMKCWDMiGFcozN88jhGqNJlTnZ+xU0US1uP2CV0=":{"valueMac":{"type":"Buffer","data":"9waGkyO8y4UqX71rdJwIZv4sprRqHtOwwcUffCoZ9/k="}},"q6UV2rOBl+NF0esbS9Aeqx8Hxb8pGi7nEFE8i8n67/4=":{"valueMac":{"type":"Buffer","data":"cs6Ab5suJtpZH7REsmNxAMO6XiK48fWQMmM97DIAwZQ="}},"rVfg9Pa1jjYMJE0BEaozPR/B4QiRVUoR2OquhyBs04k=":{"valueMac":{"type":"Buffer","data":"C9ukzKhDLIAD6XvcdwgITpTLPBfi4ggYmOyfMsXz+kQ="}},"rkxloXpVzPcVh84UP/BZcAoWuogXrFDPYULO9aYCbxY=":{"valueMac":{"type":"Buffer","data":"qDxZjbs/OliGTJzwiLDWk/7ODokqX87I0nt/p/WLtOs="}},"rp/2HSJ5l1gR0XNH98eal+GdYR34dBFEQisWEjAHojw=":{"valueMac":{"type":"Buffer","data":"7vD9dBWgO3rrbPLgASOcY7eJ67+1Ertxc+Mxq//gWVg="}},"r/M7Eog/q3tRzuhPKoc0gP/3NpMs5RV0OayWrMcPJb8=":{"valueMac":{"type":"Buffer","data":"GUusS1xSRvLyiYaFsTqJvk29QaCDs7Iz+a7VIkqxNR0="}},"sRM4jQHTPW5Z0xxWvTkbZlyKb+bbIU3C45yAYnC78yA=":{"valueMac":{"type":"Buffer","data":"fx6UyalD1UehSHdACzvM8d2p0cQAFaJI5PcUxwtfh2E="}},"sT+o8LMYSDlwHy1RodVd18rm/NQFAtPKp+eSsGFrmgE=":{"valueMac":{"type":"Buffer","data":"UWgY3xXbNb8ZqhzotFRgu3AKKa69D5J2FDITMF49q+M="}},"sWP1dJ/F4yz9pZfRwC2CHVCyXq9sz0TrqDqOfOzdYTo=":{"valueMac":{"type":"Buffer","data":"Bi42/kqtUp1OPLW0cbh/bZqIolmIaxK4iWN0koQlYdk="}},"sbBJcI4guPf5ijctP/ALU0r+y5wDJnPOkSKGVBfjhHU=":{"valueMac":{"type":"Buffer","data":"LsdcX7Oja4rY6ehkfx4t5DomeyuQdz15mHQfqpSgHFo="}},"sexx5Qd36OqwNeXmzfFSEMEbabn9QPz+dkGXMINjd0Y=":{"valueMac":{"type":"Buffer","data":"QnzVPOvYjWSEH57stPVEneiDmG8+EVjW1YuQlaFLr7Q="}},"shwkSSaLRbmZHixVY7d/h/Qqm6dMQxqbQwR1Y2VkQH0=":{"valueMac":{"type":"Buffer","data":"9ujQE8PQRU8f3GtEho6E70O1wlc8u3bZ0WeQfMd4X94="}},"sjn0/OdBeSE4c02/cfUPVjZlel4owmHZAVwd+aPLQWk=":{"valueMac":{"type":"Buffer","data":"UumSkMyD/GgAuU4yRsu5SntDFjeQ6iUzN3Gbta06Hm4="}},"soCyv6T/8k8+Yzz3av6F77ZffeEOkZ3WeDnEWdL2fEM=":{"valueMac":{"type":"Buffer","data":"yQ70Uvn2mwd8eJ4GHwX1+99JlS3AW3EdYjWKzlwUbAY="}},"sw35zRhlM6zrXzc14mjDEtBdIrBVqPthcN6Tljprgrg=":{"valueMac":{"type":"Buffer","data":"K4wCAEl7zw6KGg6ncPuTwHk0NWd5RR3dwLuGSO9RBM8="}},"s6AaEMUHg+s88JqVpqMP6bHLVjGAIjXbuc/3co5WxvA=":{"valueMac":{"type":"Buffer","data":"s+ifa+YK+VDRwWGK/rSfNQdEZRma+c3dsAdVOSBOz7E="}},"tOWkqYvXPO8IZVS4GtBIxXknf0sbTWV9FCFrTfaLZHU=":{"valueMac":{"type":"Buffer","data":"Y4KNQpcReM6QEf4D4UcSXuo3LJ3k20AMiXVDHm47TbI="}},"tQVvZ6i0ylv07ojlYmlNSjHTVCmfKDHFr4uQp5UWJGw=":{"valueMac":{"type":"Buffer","data":"xmQHPCro++Kq6JPxShwQWRNMB1hHO6t75zBjCeVr+ZM="}},"tYbAtnZ56juGTBGczENQv14CsHoDzF3CacaexISQALc=":{"valueMac":{"type":"Buffer","data":"lOmMgQoyM4s/nTz20sGVGhCPBogsz/Vy6qJ5+8qIx7w="}},"t95uAiVwyO1ZDaeojBXs5dk8DvMnx0KzEzSezQbuByM=":{"valueMac":{"type":"Buffer","data":"MMJSghvYmeCN3LqhNKVHrGmD5eBRKHYqd7EGEjj/YA8="}},"uEjh+30RXF8Neqrd+RAp8o0cecr5y87vMzvyEZ1gbbk=":{"valueMac":{"type":"Buffer","data":"I6a8UD2lvgrC8+0RbE+1fGoYe2dwbb8Rka72+X0g7h8="}},"uIWHSHY1IWfMLEP35s65lrldJOfNn6ELZCyLFUZauVM=":{"valueMac":{"type":"Buffer","data":"Aq8DBSoyYvJcp+QshmKAEg/WGMcaB7akI7Gc1q3A17s="}},"uIfB1sB/7wNnMUyJKweM7k/akMEvHP3WxbGOkpVKh/Q=":{"valueMac":{"type":"Buffer","data":"YJ6QAvTa73w0wFb4GP5UVaJO+3Sari5YUUiJL8UvYiM="}},"uO6iUG7jjLzJz8yIFsq1naSRIkWiBu6rzPFYeXwPSgE=":{"valueMac":{"type":"Buffer","data":"8Ox7/+3HMKcVLSaBiKaZRFFi/xtAKxbEGnxKxdvuQE8="}},"uQhglA1VgK+CZiF2+s8jMlKbtcVGV8ui5Wjf64X7pc0=":{"valueMac":{"type":"Buffer","data":"/s49SdE80lwwFSXdrw0nlarPa2hxNV1ToKgeY0AisUE="}},"uWzgqlXuNTDYIGgi1/W9RJ1iD7KIxm+phykXpYnzMU4=":{"valueMac":{"type":"Buffer","data":"3vsuFzpv4+LlWe4xzoAh9O+kTtwH6pS0g7kYBeIzthw="}},"uaFt5PiRYLWxg5gKhf4J574wkbP+uYWNo8CiWGaA7+s=":{"valueMac":{"type":"Buffer","data":"5sucopkAFSAkI6J1QFI5DeG2s1gma2CVR+QjmqdsjAQ="}},"ud7R6JuR8fYWhcQnadWHVy2s0N1+aPPKPtRF+Lll2Is=":{"valueMac":{"type":"Buffer","data":"nIkj3QbSWZGDz/+9mBe+jewoKhzdmFRh7MBfPiHHH4A="}},"uerO//EURAT1YHtcczS7ZKUuYhUe8Nr6JjbebrCvOhM=":{"valueMac":{"type":"Buffer","data":"1CVXuqVnvw7tyCClhW+K0gX64llwV2eqWIjQ7wHOZVs="}},"uf3gM1cqslOsmHowt9B3siHx+qdCnPK6RIrDP/362Qg=":{"valueMac":{"type":"Buffer","data":"vaRTZB8+tZOD+d9gdV29NMES08YQMz5mC2/KKec+C7k="}},"uh43S4/uyq4odoi+epV4ChNQky+64HStQgAXn/p2C28=":{"valueMac":{"type":"Buffer","data":"JxpPPgBSHTy7leI6zKK9WzJ32m70xBC3BfuDa9vuVYw="}},"unLRj0zc0Whcpx5EHFFkaZmGkTKdCpZacZKVdzWD78o=":{"valueMac":{"type":"Buffer","data":"l8S/dSluMpIg+nbQlc+zEw3++Id5TUi2hO4XZXn03BU="}},"uqfefN6XzJiek0I3Xckqq1523/o70k+kbUEba+S8TJk=":{"valueMac":{"type":"Buffer","data":"SJ114hpRQRC+GpaPOqsOZ25ajuwXFTbwr0llHqFWXNs="}},"u213nEwcfK5vvVm9ssKH0uhlMSvA1tZqCFy33+jlZLU=":{"valueMac":{"type":"Buffer","data":"LVoRjOeY4IjAV88x/E2NUHMNAfuipjsHZe1ndcswCa8="}},"u8arFUEJ8jRZ9EmViDrKZQgpbyL1ag+/L7O9tCmLQ+c=":{"valueMac":{"type":"Buffer","data":"oCB8PDIQjEx0iiIOB2TG5rk01MPl2Alpks5/jA+cLho="}},"vYLL2q9BeSLIzwNEKWV/WvkQ6MlU/dovoSJIJ/EPSNE=":{"valueMac":{"type":"Buffer","data":"OFmZ1emmWcxtith8CrbgTijui+bjLAs72S5wLeVD2l8="}},"vqJU3ZRT8wzs6T2/eQ1hTWMOzkf+w4UKAIbkcwbLDek=":{"valueMac":{"type":"Buffer","data":"IGEfcYBC7UPyLLrJekBRzLd2Kxf0mmhvRBoM1Kqw6og="}},"vqJnQttNwNb7kXOLIzRXMN3XoA5tFj7TbQrknpwDddk=":{"valueMac":{"type":"Buffer","data":"nmyj9HTuTypauDz4Gv4ZWpECYbctRuK9ceJt84qwNQY="}},"v4VMvKwJLW7JjKRF0QQd3Q4Xw6CXJko+SOweTXni9Co=":{"valueMac":{"type":"Buffer","data":"d9K9m+BhCsme9TF9qRNfERBf1eROeeuv3uEOMWydwjw="}},"wCeATDhPcwcDZk3ACg5buonfqnIhD96FBkOcy/DWTOE=":{"valueMac":{"type":"Buffer","data":"TzO9PmM1DpTMRnVkS1+2yI6cc1tI7v4wUh5TXxHHbNo="}},"wM5l7+Bxb50npCefcrLq3AtKCO3KL3B3i/eSP1SEwnA=":{"valueMac":{"type":"Buffer","data":"ZxXawM1TELuvm+bfnNR6DMVFgOtiWvPzYJeejvv74k0="}},"wXEVbY/y9CgFiH/u8jU+bN34r0n3rmG97etADXae7yM=":{"valueMac":{"type":"Buffer","data":"sNh3/zh2LnqJ/uW1T/eYwSOlAicWNpmYfK/qPJg9/Y4="}},"wbp4M+CrSbVTNXMovmnk7Q2m6sPFbwtODSjHtU0E1Lc=":{"valueMac":{"type":"Buffer","data":"ecX6dkFaQstxLzVBdsAlF9T5SbRmodn5FpvOmZM1sho="}},"wfK1Lqdik+qtEgE22h7/zpGQILXsmAQ9INcvC4zqy3g=":{"valueMac":{"type":"Buffer","data":"xZlmG7GLYDa3KeydMkCQ5XRsJnYUu4YFyi1yLtKzCcA="}},"wkUV4REq0ioul1xBFUTViZ919g6B0x/F4XCVyDkr1ww=":{"valueMac":{"type":"Buffer","data":"wRSYNv19ExBn/kqV81XNfr4UEQH/L/YSv2DZg0fTxr4="}},"wk2XZPwrRtXvk0cTWTCuYWXCI5IUeWFvKIoeoNs6Ve8=":{"valueMac":{"type":"Buffer","data":"YFt9MGW5alWkVmWVK/dVTL2WroaoDQ11vuGF5LGDbb8="}},"woIlM7kNbZ3QLFgS0TelXKRDb5t4vabdEfC4UyAK8o4=":{"valueMac":{"type":"Buffer","data":"W97R1vyYwteLvkQex17rFVi45cH1DFWiwwdgbwhb1gs="}},"wovTvlyK6P4gmoGi/advBRkyXnEvbmDm8j5KjLE43JM=":{"valueMac":{"type":"Buffer","data":"IXXmsBAVBsLjsc+wTZzFNEa8I58sFe27RphECbhIm4I="}},"wt4z++KslvDdEmUokDqAR/piFjJLAIt10VWpOJdZo+I=":{"valueMac":{"type":"Buffer","data":"Hai6oe5/G/I5M/uq7meUlpxCAC2OzeAtjBekMikLuAo="}},"w2tQgSwcUAHL8QxjQMMk1Dq9QwZJJGYrRq36BueAzso=":{"valueMac":{"type":"Buffer","data":"J4mb63aiWlsoM+1I0zPPseEWjRdy6LPCNgAyC83OLYg="}},"w8c8zl+mehSgmvPWl5Py1cJ3Mb6RhHkj7PNDRwt/8p8=":{"valueMac":{"type":"Buffer","data":"cEx8ku+fGd0kVqLT3OOBq6R2iExgVqZzJ1F0fTSwlAM="}},"xDB9IT/T//MEzni4gsubijtbzaXuy30DOhe7WLQNhsA=":{"valueMac":{"type":"Buffer","data":"Zsi6sw2Sp4a2DgCYQ2LkwsIeAJkfMf5pGLxBtMN2VFg="}},"xEwwcsY0r2V8s8znwNszvRVQLT9Tn6eO267Si94grR8=":{"valueMac":{"type":"Buffer","data":"hLIuWni2pyfyeVv+xSm2RRHBROsOJHFHk3mTpZeb77s="}},"xKL0rY6ppSIpOaF0xc3hTFuKHot/e//z06XqJGalSRE=":{"valueMac":{"type":"Buffer","data":"aA0UhePW0n/IVDSM8WmrSBpNgajGmnslqEgqYSlAoQk="}},"xK5nUPN5uEofriMbNaQegZ3SjZiAhdis/LSFDesyB74=":{"valueMac":{"type":"Buffer","data":"0J453ewHnbkzUwXbSjzMBT5RMAZ9Kx/JiOosIPjo+Do="}},"xkIpyc0wFkEHdxWSblqAzOckbfhrAcPVD47tMEhZTgs=":{"valueMac":{"type":"Buffer","data":"cWSjp899Jejjemz1d3GzrexinhblOATL+6OV4IWHj0s="}},"xkStbQtF3ReH2QOttc8PGwuvMeZtc5xumWVjpuoN2bQ=":{"valueMac":{"type":"Buffer","data":"Ks6mnM7P4ETrnp0ZLhRcbxAIJRMXYrjctJ84NxHWWko="}},"xk0WDaY4oDm4j028mjaNcUPiwcXA/2zLxqwr6lSBQBI=":{"valueMac":{"type":"Buffer","data":"mIK8JPTWGGIH6taq30TD+/8NjEupjJ0pIzFujjhtaK0="}},"xqrc/4khMoahRaJKCyRNlvKzszkx1OUa+aXpAHOn7rE=":{"valueMac":{"type":"Buffer","data":"Gj7dmDXZS5StbKtTacIy4TZwo3o62s24LnShMDYdIm8="}},"xqy9Uxia8CSi9dLC1NdUtGoxat0A7/WKyUJQos+QAi4=":{"valueMac":{"type":"Buffer","data":"PnyAbPgIC5IpDAajmPC9ka++o49UUqaXFh+zcj+8T9o="}},"xtaR9g6DlL3DDbB8RxACp6xyhyBCHa2eY02b0k8EQ+Q=":{"valueMac":{"type":"Buffer","data":"BJ/tRE4xYv5+hsIwjQiebdWGM7KtoRlk/XEXCv2S5X8="}},"xvQOL4G7mJ7ila+MIXEGC6cgepZRxKyHoZuUs+6YUpU=":{"valueMac":{"type":"Buffer","data":"hN9VCvkCB56jspmerITRuzerOJgTn8YRiVVHfBGsmOI="}},"xw45GuYVZWSnvGv7AwrLSNicm5X6SvOfHF6yGjl/LUA=":{"valueMac":{"type":"Buffer","data":"QS7dOwBN34Jxx7OWp+VUds7XmIUiEyspOwG6P+ki0FQ="}},"x6zBSwzxDw8qKiJaQNpSoNIlZO1MriMSxvFcme5Dr4s=":{"valueMac":{"type":"Buffer","data":"w0IAmPxw5djD0jjtwVQpmEnxAYhoHZ4IDvkyAQGGbSo="}},"x++pgldTh6xJYg8AJ8FTRQt/sjqX9XAVxJnmjrjOOec=":{"valueMac":{"type":"Buffer","data":"TYvGI36oXPmEBqTed9gVoK7GmynUm984OduktDxWV+0="}},"yKCv7rHQECUut3RbPpd3h+/08UCMdpzaPovrIf58aVE=":{"valueMac":{"type":"Buffer","data":"e/WXp0ZEncx4sE1v09HnEyKm7MThetWQZ/du3TyI7fA="}},"yMJII0wCGpiO1ticnlOcZ1qtTCNP2MbrrcBeVj6WdXI=":{"valueMac":{"type":"Buffer","data":"r5onPtNH2roJI2qwxWxJYtAMPvCFkggGwuOMNoj3xmg="}},"yQspub/WC59kUy57RldXvUWIcvLznvCEP0rCgH6York=":{"valueMac":{"type":"Buffer","data":"WkskBevNN+hAW1UanaF1inzHE8gkKqcUBvgm7mTlfEc="}},"yR8W1Jn7DDOdKyGF7RaxhQSJ8zOKY2g2OsUKWgEo3kQ=":{"valueMac":{"type":"Buffer","data":"wsN5HLq/wrwAjFyffCJBl+gkTpFMssYAzhfm/Hu5gYk="}},"yXBu2/KTbEFVP9j4+NX/HwMnyXqLjpg1I4NFyzE1b5Q=":{"valueMac":{"type":"Buffer","data":"doPj/13xyW3ZIoC1FrlCGtRdTfAgdjfeSg02uQsvKY0="}},"yaZMePhFvJWSnpiDqJ6W7AI7q0MsckbEO0WYVciSQIA=":{"valueMac":{"type":"Buffer","data":"iPOD/fGlUef3W6sswngGOeqfmVZ6ifzXkmspXvePx+I="}},"ybREq12Amds5OD7BJ83APWWwuEX3VOByzwu3RnSFJR4=":{"valueMac":{"type":"Buffer","data":"keEFSRQfIphMHVTJvSrkmHN6h+Hqw6jkkp3bGfGdwvQ="}},"yy77umFbvDnJGO0a+Mvvus7TlhteFMOqZLTF+lvnsgQ=":{"valueMac":{"type":"Buffer","data":"VNGRrEEVguyInxwFjyi71qpKOOSIuZXzTX0ss2Wptxc="}},"y8kC2WlWWj6AShCO3sXPjdj4jVZ4pV4SdIDrm8v2DNo=":{"valueMac":{"type":"Buffer","data":"e4xMbFdVLyoTpi8IqXZZRHqiOhNc9z6CUOQy5bOaWBQ="}},"zMqToCrcU418xFJFQqyErIOehqmmYLz9gOk1l5/eHZM=":{"valueMac":{"type":"Buffer","data":"FRsq/YybvAqoNfQX2fp+GIwka7xiogdsajgoKbMbUFo="}},"zOaXMRto8wfpUnfdlKv/Se7UPJPfZjx+uS1z8cHJktg=":{"valueMac":{"type":"Buffer","data":"AkWQPdCvxlnTnap4qdrIvptiOAjf36n0IGNXQi7r8/o="}},"zVWfyTuI9VbpvhW/zVhFaLKuE8N4XKq+sCWEd/Tin3Q=":{"valueMac":{"type":"Buffer","data":"mUTJcP49QxKoB+wJt2yoV1sQtiS64RLGMeh2HW+Y3WY="}},"za1oIDzldWs4mtztmdCV14DvXKBPy187D5ieDdGxkEM=":{"valueMac":{"type":"Buffer","data":"K248/91xWaJdYPbxpeKxtu/H8X2X5bkMRJljeG0k93c="}},"zekXOhLQyQ4dAi5OH15eXzCGZI4IEZ0J4z1LtSSCtX4=":{"valueMac":{"type":"Buffer","data":"FNhfxzXt2+oh6sKM7ZHRkTUqW7WS/OHZwfLbFgOAyWo="}},"ziXmsD+5tRVQZhmnWfXiUwtmu5lXPmqhG1d1qKeUqqw=":{"valueMac":{"type":"Buffer","data":"BXlWOJRFqXG5Au+BM9g3KP7DdeLwCp+IqUcVnYq063g="}},"znvr2atS8KzfwTE9MqwKKspRyDNKbfdYh9DExQ6sRpw=":{"valueMac":{"type":"Buffer","data":"2jut1dmtar7dbZbI+8uWkfloBIYA1b4oFvv1uT+h/yA="}},"0PFAYkoaMPWnMg4DyouNPdMgvEqHELytBeEWP/f++og=":{"valueMac":{"type":"Buffer","data":"XreOOxud/kcF1GrZ/jJcdbx6AeAfFyj9lm8SjOIgijs="}},"0d4CNM3SOyx0cEWWYF/GkLkycKey3y9yydA8ZQUnDAE=":{"valueMac":{"type":"Buffer","data":"SHbmB7rRtxn6z7hH73axRygx+1USpDos0Uh1adrd580="}},"0gnwQgFqCnk7t4rYoP3whOItpWwxlWIbZfcufeUuKYY=":{"valueMac":{"type":"Buffer","data":"LzDTygp1pV/GUl151eiTfwhxzoPNb/p1dpdihp5MyLw="}},"0sNdHQKC/XfB3ZCE3xapsbfopDFVKnCIFKl/a8vqCCM=":{"valueMac":{"type":"Buffer","data":"D9ltAzxwzGMVxeDVnMjPbIS79IfAlIUixY0e9QxgDH4="}},"0sds1vu15qYpw94xg9oEIEfQKBsXy7MoodBQD+2c4do=":{"valueMac":{"type":"Buffer","data":"GiEEsX+Cu7QSBRPIZxX0hShaKcb5Lv3DR8FfkwN/Bm8="}},"0ydPVUjGPTXnBmGHyGlPwQzd5//FkUJzaUQOMfZQSkI=":{"valueMac":{"type":"Buffer","data":"G9BIeE9lg7N+e1BBVMmDntYfWfQTom5V9aWUOBkNk+o="}},"07faX6Bkag1spEvZUcVr0NMQL8hCBFC2tHwpPQ037qs=":{"valueMac":{"type":"Buffer","data":"Rh/rlAaP0FNtTKIaLDBawh9s49+iwmlIvzzCHWLDhEI="}},"1J8Rw+qKwxs72XnqC3YyXe0rKsdjowpZWyN1SHI2g/c=":{"valueMac":{"type":"Buffer","data":"dVZhiHxbzlq+0YgW4voWV27JVqQnrlaqiz6la4PZuO4="}},"1arahltifPEWQmNp/q1RjoaLpzSGR6agPV5Lu13ZE2k=":{"valueMac":{"type":"Buffer","data":"tH9V5bodfVQ/thnehPa7ICxCpBJvqn25XV/J0xbKI9s="}},"1hHr7Jla4hegotJ9funyhPP/i+EoBg0TiBpdTEv3750=":{"valueMac":{"type":"Buffer","data":"asX/GLUIPHHdik0Gp6xtZa2J9fGuZXoBQPYMlUPITCw="}},"1iPqa7kxdE1SraeHP1BB8pBR5O7IWMUd4TNShHve/9I=":{"valueMac":{"type":"Buffer","data":"2Mp9mrHsFQLc7pC71Cpq0rO4Eawc9kcadYfErLH/2+M="}},"1kJR4Huvz3IqCOlgVLxn3POeKit3AIRMffrkvVKeVao=":{"valueMac":{"type":"Buffer","data":"tNEtU87j5MapVqfXBu/VlFZqBWUsMb7nY5A/W26GtDs="}},"1zS0hdtOlWyebjKGHERJccUb+pEpLzvkD1Rdo9ExGBI=":{"valueMac":{"type":"Buffer","data":"wJ/mo6Xr77juczECS/Ndp7zawqawUDOrdu+kiem3BUI="}},"18Fz5qMIOip3kvzrrlaud73repSqMFGuOryP2XOcqyE=":{"valueMac":{"type":"Buffer","data":"hi8luTokiYCUHpfmDDWVBp+wBcDScjQo4/BUlXehsD0="}},"1/KhnECZyIOrItXh1pQcF65IZ4wtFqMw8RbjBxm1fWc=":{"valueMac":{"type":"Buffer","data":"mOB+cbAovh7tMYgnG1o77/jLcUlLgekX4YLbFk3wkEY="}},"1/XLOvy7mWRnsLaZd467bA2GX5gNwhraPOPCzAqyzqg=":{"valueMac":{"type":"Buffer","data":"Bz5clcaRmFS+xTwrUuE+HtcKFpUHIxkuaM7eVqjTupA="}},"1/+Nz9AVpOilDnMd/Bjlg6nO8bbuREwaL7WGemonFv0=":{"valueMac":{"type":"Buffer","data":"nOS0cc6czjWWMiWRcDfcoieLnLXFL9nbtHGDia8QOOY="}},"2DlnVbDPOEjvYLOwdxSPGMgfyVqFrtlRf8I2pBVop7g=":{"valueMac":{"type":"Buffer","data":"hJQA/crwWMXolQtWAnPojZ5Icz1R/UjHsQxxbMjcUFg="}},"2F1moZfjctWUWZWdkgVTmhiFqlwuq6YU0nHZcyrwZ0Q=":{"valueMac":{"type":"Buffer","data":"jNwXVUKLN1gb2hoO6Pp3MQZLTYug57IPd0vlFYgR7Sg="}},"2TxQrVRCMpylWdROipPNPqwDj7kbE+uSux1NO4Zz0NQ=":{"valueMac":{"type":"Buffer","data":"syf2dBeg50VvBpT7IAIII9DVteEIbqNw8JXj0eB8vZw="}},"2YaHwZyWfwg3OYA+Wzk6KQrlL+WGYaBnV+6VBBXhQYE=":{"valueMac":{"type":"Buffer","data":"mBx8XztIf1OJMKRxXpNTWtGYLngp+M0uj18LiBVdL34="}},"2rKBOHMIxgvVlkbqymyKUx1LzbG0/taQ1dqLucnTCHs=":{"valueMac":{"type":"Buffer","data":"n7/yF7eb5uihwz4HTLHOlALk8MmFqIr4FXOARpTB/gY="}},"3D7fJHyVaCwjh1/P3tpTuaKGZExPUbCNIE2oW8HGXB4=":{"valueMac":{"type":"Buffer","data":"bXgiHXIeIrBTlXjMTJvh4b/LUQLICjYp9SwwuA2yPw8="}},"3N93Yxso8ja7yaL3bZ2oXkWKBGxcAbB4lMl4RtBTLZY=":{"valueMac":{"type":"Buffer","data":"qW5t6jaR00xMt6bRlk3IS1KwA1q90BKlxfMguIxMuHQ="}},"3YI8WBA/0G1SKl8l1D/cuctnTt/6lOtWt1kfhvRPc2Y=":{"valueMac":{"type":"Buffer","data":"wQ7MDRwvXL4Ic9yEajh10zYhx1An0XlZBUUbHBYsEWE="}},"3ex6mduMXO66Oq8APvN8hDVrZULvdAqr1jDUSEF+rOw=":{"valueMac":{"type":"Buffer","data":"z//qkPjOYmF0HvD0+FU0zCSNJJGiJn4eUjA8toFqqs4="}},"3mPNqbrbScqD0w3tUpFR0Ork2PFTJt2BkyD3Af8UZ5c=":{"valueMac":{"type":"Buffer","data":"fAu8rtbwRoZppzKtL9+PdhrVAs4kxJ/aIU+nfqPeFtQ="}},"3rE0325xx3lK1WVb45Rp/e0UmybS1GQi/29Z7szNH78=":{"valueMac":{"type":"Buffer","data":"neHFOhfvOTiLcFiT5J3OHZgC1Gbcv/MyrdKVwiIFB0I="}},"3rPAWTY3/hQpoS63hSDooqdN/uJgjuls3yWAJdWaJqY=":{"valueMac":{"type":"Buffer","data":"S6R3z/3WZ2AET62TNQiHmjhFqWiTK9EHAOGWnB8/MY4="}},"3t2hKiwVHAT2Qx9gqHqN+j845eIb7dnWU5XKcTXUf6o=":{"valueMac":{"type":"Buffer","data":"MGR/N5aI/SCBiXzrVZhBjRfdJtTqqxPsoNfNIP5o8pU="}},"3wZlv3R5hpLs4KLmsruooc29QfwveTvIvkKToxk19oY=":{"valueMac":{"type":"Buffer","data":"JcT4n5Tz+TojfG1Oa9jp4O055ITNqu4U9+pF4NTU1uM="}},"4C/WK1FjcjJdXf2kjaLOrAcEjyPEUK40be50m3ut9v8=":{"valueMac":{"type":"Buffer","data":"MHTFnRBnENnoD1WQQUDG0T9GBFoX9WeRVk2nzSAGBOY="}},"4XN5jjWxrnjo1v2gQPT/qndwRET17k15veUd4wF43Ek=":{"valueMac":{"type":"Buffer","data":"LouMnYXY3KF+KzFYsO3sjKuMWfhYEQThl8s116Q5ulU="}},"4cSphz/iK+NoJviAkP0nTWltk3wizW5cGvYaNnH4BUA=":{"valueMac":{"type":"Buffer","data":"iALgtNKC8DnwiSVclXd0+NuvXXgucJouNQtuojqKZGc="}},"4t9iAZUaKOuEjyQ6XHqg8j7oLsQyQIAomhlVe9PQkbs=":{"valueMac":{"type":"Buffer","data":"HbbVN/wv2tpNoTaLZFiWsUEMzBTU9hfrl477rNm1ep4="}},"4vBe45XaC/9TjgmWazx+iV+VXI7WUvJEx4jcnVQbsgo=":{"valueMac":{"type":"Buffer","data":"YIJLQOSsfyeV2dcp55tEHtBcpUl3WhNRDqk//Q+sPjY="}},"4yDLls7e0fzBoDjTIxCD//xYTbaqx7XWCg7BaLbOehk=":{"valueMac":{"type":"Buffer","data":"C++gdeCQ/O62sDqyI5HdmR13tuUJEhy0j//8LSamZnA="}},"5IIEBS6fCIzkgLU/uDljSgxdBsFODmeKxTiIA2plT6Q=":{"valueMac":{"type":"Buffer","data":"YiBoeWIWglO39ZCcoteYvcxcKUVYi0ZVTk9+GOXeoYc="}},"5JIQNyw9x7VRcMwUWHGk2J8uuueBiZQsl020drPxeOk=":{"valueMac":{"type":"Buffer","data":"tQl9uOtTFtCx2WpjT4o6lV2I94zw/A0RH1shLC4L4yA="}},"5QEvpYM5EGjsQPpRZegkZn6KF6177ibrzn2dcBpROyk=":{"valueMac":{"type":"Buffer","data":"zJNngW+oGVQGPMGyUwcnq2Ejg+JlbJVaXgyNuksogPE="}},"5XHvGNXimGBYG9eGuTz3oF0YyDLuqyuMeDRcowR8rgw=":{"valueMac":{"type":"Buffer","data":"QaHGVNLiWsfgZEwNNcQ7yX0Jk4P5D1ThLg5t0mt6a+M="}},"5hHJ8k2duY5eUxKJgNF89mjB2pJkJBdUxowYyTZCIEc=":{"valueMac":{"type":"Buffer","data":"zPJTpuL4xlJTyg2SB5sTMaif+E7HTCkGZJVafhZQlmw="}},"5zfIyud3dX1o84yX3wQ80BduyNwSmKhRvrTlK+cTETU=":{"valueMac":{"type":"Buffer","data":"V+lYsAtwjOxPyn/VhRlsOGja6Phdue30DO1RZBthuSA="}},"590i3rU+gs1DQpY/BeWdhkP4S5jvPoLUoXCb7QPhX30=":{"valueMac":{"type":"Buffer","data":"fnaRUSFDMcTBq5/xTsYsD/kBGCHFf193ghB/1lhNlOc="}},"6MM/EsdnvJD3e32896MV8vfQFa+edyal6HpvfLMLSuU=":{"valueMac":{"type":"Buffer","data":"ax5zeqwrEyjIRVVL9DEUsQITvEhjIHIh091BJJUNsc0="}},"6QekRyOk8kTfSsVV1y19Y0GyzTWpJq6zzEOcy/1XrFU=":{"valueMac":{"type":"Buffer","data":"rJCsx0BxinAkJGqsQs16UKTIZDPR/F6ED4tCXhVX7Gs="}},"6amxwtvZ++azYFmUkRXWQzGG2KKv0F4bhbRUfs0pt+w=":{"valueMac":{"type":"Buffer","data":"7YTPF3jJEKr2gS3dCFHBNDJIxTfwyEqZdBakACA9m+E="}},"6kV4yzznswUxjjrYg7keJXUK14MY8IPHInCrBixbklY=":{"valueMac":{"type":"Buffer","data":"o4vKM0Me6BKmvaRXEQQNFpbe+okiffvuCGKMJQ8kvTQ="}},"6lezM6ivhqE8lWFEALKdUquvdjhRR29CO2QK6/TR5EM=":{"valueMac":{"type":"Buffer","data":"OSiQI8ICUyDxY4PqXa7HNmDRkm5285Dlko9TMtjP6Es="}},"6mAq7f7udP828ymwnZy/74CJLJ1t1FCH0yASfC+fy9Y=":{"valueMac":{"type":"Buffer","data":"N4TetePNe9IkG2oQ26LUYRJYGchRYDZMUz6rQpNJfX4="}},"6yHuenMZJifRpzBG+v9MUzsrtcRkBOlAgpT8mTmX5k8=":{"valueMac":{"type":"Buffer","data":"PLMebdPWUpfwIxTYBvaw2BUAK1ujuVImADLcbjhhct4="}},"7BVNzi5pQjTMad2KelNiK8bfN54vKq1Et9kvGkPLK3c=":{"valueMac":{"type":"Buffer","data":"4waokolZQ56Bn/qjNwWFuzOuTRXoSRclWOxv6TGQAug="}},"7G7DupyNsLVFcpRqiDYwsebd156Pyt1pspfUn1w//cE=":{"valueMac":{"type":"Buffer","data":"xQICgHENRkWFQ4kMBubPdh5zydFnd5/qAGjnICgU1Wg="}},"7LOpfJssBrGgmQhCrumyMs1nLVHm81gyvTADRyDkqpk=":{"valueMac":{"type":"Buffer","data":"gc6Lnw4CfkZlqaSWnakii0tCoqSuBKti2r6i2S6wJOk="}},"7LSMQEGPNdHxiNIkSFyVGfBjbTuhEXDwo1TVBokS9Sg=":{"valueMac":{"type":"Buffer","data":"vPGd4f6tLx6B0o4k1d+JBc4lcFPCO4kEFJVf/fQGvRE="}},"7cJQDoRiV3TMzG+bvzjSkjUVLHimmLlLO5LkoB+SYMI=":{"valueMac":{"type":"Buffer","data":"kHvS8wGS55MYKuC3+h4bmDXTWsFBHtWTLRYWah7Ta5Q="}},"7iHfvlX8oJ2dEnjIyPF8XmA1oeOImwiKmlXPI4ubZiM=":{"valueMac":{"type":"Buffer","data":"R8LhZvKGlBxisIC0wGMwO+o8GPnbJXhUTI75RqN+NA0="}},"7lb+QJPo8AulvdJeyKREoUfOusSlulI2Zo6M3vlVqmo=":{"valueMac":{"type":"Buffer","data":"5mVPq7LWXIAZuM0olCreVTpNG0esTsA4WXq0FOKjSeM="}},"7q/j8jobJlCz+sS+YoP0Jk3h4p8ZvNV3MliZ8j3uEAc=":{"valueMac":{"type":"Buffer","data":"H0XtyGz1KCBpq/Smeh2cbk2En0Dq4C6tuoggrVy3bEI="}},"76o+IYSRplR+Wwiemcbv1sIzykFwfiMjqSUxJ52VFbM=":{"valueMac":{"type":"Buffer","data":"89amgSDRhI4/WL6DBX3OrycnhSy8ac4QSBOaHCfOLwc="}},"8C0fLoIAk5EfXNSffwclZC0aQS/vscgBKAkYIawD7b0=":{"valueMac":{"type":"Buffer","data":"qxA693P0cUGu/EE0CMcU+aJ+mJ2yZ+kY9yifpACBXY0="}},"8F5+TKZkE3xDmrxHKBCFhK3Mdv4MsZXhENJ1CTzMzq8=":{"valueMac":{"type":"Buffer","data":"gz3FH3eaGQRC/N4rc9C8TDxFpu9OTpn0yopU33d1gH0="}},"8PiNiiozsc/BkGitiukVTIMza3fG8/o6lp87kMp31Ok=":{"valueMac":{"type":"Buffer","data":"UUl1mmwbiIj/7SJ809XqAYqYnj6G5af4lTRlBOv+36Y="}},"8dqddJ/K5CYZQvZUv0F+AhhVu0/xx1FiuUK1nxOFk+I=":{"valueMac":{"type":"Buffer","data":"eV3k5KSyqJLzw5CfgTVCjHN72Cf3AlLKGN2KdIOxYZM="}},"8nQgnPqM1H/BbTzHyUDVUm7eYvhHJHB5Cd9F4+GgdsY=":{"valueMac":{"type":"Buffer","data":"7UsrcEt+k/T+IadZVL0lbcU39nFWIS79yOLurrn5pWM="}},"8n9g6JZLU+zBOQ9GAuIvalbfb74MbZ2nBDdOIezuqQo=":{"valueMac":{"type":"Buffer","data":"vwtZSEMVoOhxnmBoQQwgYsNq0mQnXWJIj+riRZeTPuE="}},"8rd9q/HFgHcK+PkZ+IOnITzR7SdA6OVFRdPFYuCvAe0=":{"valueMac":{"type":"Buffer","data":"dQzR1yrDWJwhIZ5c69ViGBo/1GZ0tUtDA+0Gs8cv0xI="}},"8wUlBYgvH1XsFe1Re5O7GIKoB0U/5XNU3JF4hKxQDK4=":{"valueMac":{"type":"Buffer","data":"Wi55WIMSu6UWfcxDMIGtaR/37FzjLZgWu0a19oqJAQ8="}},"8+kAiEe2YO06o9dZOgg26VxdE7DzFvu/kF1GlxBs6YI=":{"valueMac":{"type":"Buffer","data":"shhTs9Vc6WJkB+iwCoxtBAXC/QLIPAVxLyngAP7oWRE="}},"8+q/KdQM/bEZlkqFzDH2Voavsx+1pvvMz5GZDAiehHA=":{"valueMac":{"type":"Buffer","data":"+LvKpbXD4M8U01aenrQFl1KwjBbH9+h3NYI5+iFj3kw="}},"9WiTzN6zwduUd7Q4/jWJD7wO1/kYL85b16+o6LPoq+0=":{"valueMac":{"type":"Buffer","data":"QSjNIobvWtwBwzmOSC1vCBoraTWcEtb+H0wTRC0eCx8="}},"9ZkCirIZF9ZsErevNDrgmbnbFxCt2coXUgIVCokIa3Y=":{"valueMac":{"type":"Buffer","data":"DFAxv+HrsOO3tlAqUbUpnIJpP5V5gBIXea6sH6YVyJ0="}},"9aqqcimSzkxe7LgiBGHmGyKHGoNApHo6artF4q1xOm4=":{"valueMac":{"type":"Buffer","data":"WYUUENVUzYRt7TxpB6aQyftr3shMyE41RBc/eE6Z6/Y="}},"9cD/f/EwLEhi5gUX7h17DGXl/b/44hIwYqKnlgqFLpc=":{"valueMac":{"type":"Buffer","data":"20Mm/8T/uz0NV9rYcogss+RyBy+a+e7KnQT6FosDVYc="}},"9g3ZampA59HJ92l4ErMQZc+wZkXi3y1ObsjOBM0ll9k=":{"valueMac":{"type":"Buffer","data":"WRI9z8xjZeiehDkuHUfLx56+DYWDPoHutAs5g0WpItI="}},"94j2fxqDRsSQGo/3LRGX92dkZw4dqrymxv3XyxaCa0E=":{"valueMac":{"type":"Buffer","data":"yLOvlTMBIhh5FodkMH2oNJ5JticU9NoF4/5x3tCI3R0="}},"94lH4kJYmUwJ9V+f2MGizMUPsoua3g6A1/gMVjtLfzk=":{"valueMac":{"type":"Buffer","data":"ZTLdPZjgQ1bp09r0cNPjkbvoL3jJqlPxZFcS9AEaN/s="}},"97iFty7QzTD2V/+8uA+V06AXC/wsPj7YaSQiX2sKaf8=":{"valueMac":{"type":"Buffer","data":"SAhkrDnlX1uMxs1o4As7S+s32RGo3MBpnnMpOmrCQAQ="}},"+AGFgTEqp84asAWQRVQmgs+EY6faaA47//LQ9X9Jjxw=":{"valueMac":{"type":"Buffer","data":"S3D6UyE2vp+S5blKzuifU7qE4ewGEESP1DPMvLcwXNw="}},"+TIQK3ooMX7jOP6sfTt389sGuVofuLUQf3XwhS0AhjI=":{"valueMac":{"type":"Buffer","data":"s48Ti0N3A+ibENWJoLvA95zq2i/Ds861OjglfgC+8qA="}},"+aZZS9z7skZ68zciiRCyEnoB6A4F4ZqYFA9gKT9vxRs=":{"valueMac":{"type":"Buffer","data":"KMnBOoWU2sGBB7Wj+bRO7oxGgVv+rntKXQITYzQgqmo="}},"+iwPyMW0CYBT7byeydHo2pQqR2798sFjuqI3qU+ZcoQ=":{"valueMac":{"type":"Buffer","data":"rMk3yPGpnzOQbhwX8YazLsAS3CbK8T0mP6fMah5AeLY="}},"+kMF4UP8L9YZnZ6po7W3TN4NbFuNl7NdK3SyXWXd55o=":{"valueMac":{"type":"Buffer","data":"T95Oxz/sC7o4mXMvYs+1YTEIbEob9hIwNaVMzmTA0Ng="}},"+nbQC4ip77JA+NZjaYh9qvdTx8k8Z28WleWKsYWwEtU=":{"valueMac":{"type":"Buffer","data":"xwfzGc0NRJc5wO6v1g3nyspky7KOlc6/lOdB5saPgGk="}},"+np50+qhPckkjea3ykfnvrl+XBpgYjQFILHWimXj6kY=":{"valueMac":{"type":"Buffer","data":"oK+2YkvCAwzjCDZ+Riqw7ekmNa+nLcMpj1cb+muPWHM="}},"+rAPxySv44tl6kjMPV8Q22XYLCvg01ohbZS9l2nt/pk=":{"valueMac":{"type":"Buffer","data":"0HiwzErNlU2h7Idqm8Ny4QEUYmGKgfXdHrqWfExW7M0="}},"++CGvtiETpgKx4H/AVHJFg1fcLnTMSvVVEzRaHr1Ab4=":{"valueMac":{"type":"Buffer","data":"sP8Xtdbu4D5kpxKygvHTWLAgvG3Sew3+jrn8EipOajA="}},"/Qes7byTOcHwcwfhoHkJhNFx/l1sjMMz0bJqYAEieVM=":{"valueMac":{"type":"Buffer","data":"Clc5MzQq0ta6fC17wbtMlkL4ZAdilZJZ2n8xNfVtahc="}},"/Rzmwi/rP+C8qW9j53UOpv0EdbgU9PKB8X0bpC7S3/k=":{"valueMac":{"type":"Buffer","data":"QtKR7283KzUbJTqU9/7/DM+C56pRRLdQcmjbXULcAi0="}},"/R7h95yI1AmmqzP2s4okC+LnxjDO3Y5kGqXu1IiTUsY=":{"valueMac":{"type":"Buffer","data":"NLkg6FLq4fJg3tIuP/WgsMxYBJ8vxNj0rJ6UTOYHD1s="}},"/XESsri1eSs/Kbqsz1IJ3xZGCVqjUI1uaghSS3qjDy8=":{"valueMac":{"type":"Buffer","data":"ZXsjbSoiaZ8Ceg43aie3/EfezVuCJ0BGUO6i7we/v80="}},"/Y2Le713Y1CtKfUVY1U+gVjRrS83R2G2G9vxFKfB2Nw=":{"valueMac":{"type":"Buffer","data":"WllLJwV8lStprZRZRUxi1a4xhnKSIUQllvLIuVZJoRE="}},"/ZlBmLbIsNIVj5DWDkugX3lY6ur2CIdjCGwkzchwVeo=":{"valueMac":{"type":"Buffer","data":"mUOGDift1JX3e3JbR+TNozhEH622MDjAevIArQNh2Fs="}},"/rwjOu7U4N+CEIKHM+0oeC+h9rHyeGufO+QIvAVw6aU=":{"valueMac":{"type":"Buffer","data":"ubfEkpuOVBWmGMWdzBPJIHZwz+DHTwB08g/Wznek9tU="}},"/xttrWn0rNPXajlBs8rEDLb/xDbUNFHlvvypQ7UiM18=":{"valueMac":{"type":"Buffer","data":"209rqZkhQ/PKrBOF0Qn/ROEPkr4MXm652qBqy7U4wAE="}},"/16iFzfcZfROMeK0YZiLBfLgte9BQZe6s5Fp5LrCBec=":{"valueMac":{"type":"Buffer","data":"bO8jGDs6tAAD/rPFNAVudu92a/3BdB6IgdwVOMnubLw="}},"/3y9feQizrR/XmWbhv1wpSFDZR/JR0YdCEGs6B27ihg=":{"valueMac":{"type":"Buffer","data":"JMfeDK7567tewTX6mlHJ0B3sO0DtKVMFKVnALgKbUZM="}},"/4X+b01ndMcn1c0nniz2fRTNK7A4Sd74NL2VJmbGl6M=":{"valueMac":{"type":"Buffer","data":"sJR5En2n+wEIMaICd32Lwu4u2H5uX40RAVzrvBI3PkU="}},"jwnpDdWsU9w5dS8LwT/+dldfIvm3hkEKhmAGrI/OkQk=":{"valueMac":{"type":"Buffer","data":"OHZ9hzAksNE5wL2Mo+aSMs4meaWXY8nK1/ZMObYnPao="}},"WrAuYkftY9akPi7JUi38q1tLEyD4L4+QKSVeQGgU2PI=":{"valueMac":{"type":"Buffer","data":"otEihLdIFXlj3IE563KwHF9BOqD1XWCUlbnD46SkSn4="}}}}