{"noiseKey":{"private":{"type":"Buffer","data":"mHEA689kVHVSlVd5Vl790qdX1YRiLtO/DsPCoqTFZGU="},"public":{"type":"Buffer","data":"iyC7gZmv8OiJt4btG8UmCxcgPL9rdYZYCvfuBmjxEnc="}},"signedIdentityKey":{"private":{"type":"Buffer","data":"yMNJo0YK7Ruobuy2CK8BXfufxCYhrKp9U/hzwNP4jXM="},"public":{"type":"Buffer","data":"Ab0sx4omM3CM/UIJEmwrOp9WkShJbYs/41DK/Oy5SB0="}},"signedPreKey":{"keyPair":{"private":{"type":"Buffer","data":"GBdPNP2QisoexgTiNgimgay/PWUZACrDNaw3ax5yplg="},"public":{"type":"Buffer","data":"bSpK/BSzMFQsgksRFvMGNz32rpPzy3HYQsfwLctC1V8="}},"signature":{"type":"Buffer","data":"uzA/sHmSJmpTfr9rZSfhTYsHMUHbAI6RKsKT4XqKLmvfMoDE20CXiLjGY0YKTWvH8TRVh0smqQzKs+SLp5qiAQ=="},"keyId":1},"registrationId":156,"advSecretKey":"FzdnmEhGfZSA2S2UDAvCkySKpaRa8CSGh834rhL6DAk=","processedHistoryMessages":[{"key":{"remoteJid":"556285170518@s.whatsapp.net","fromMe":true,"id":"FEB039FC86F4BA41971CD499D29D5CFA"},"messageTimestamp":1676848670},{"key":{"remoteJid":"556285170518@s.whatsapp.net","fromMe":true,"id":"7692D524BB662A0CEB3F22219400186C"},"messageTimestamp":1676848670},{"key":{"remoteJid":"556285170518@s.whatsapp.net","fromMe":true,"id":"4007BBD036FD6D15A490FD0255A1853E"},"messageTimestamp":1676848701}],"nextPreKeyId":31,"firstUnuploadedPreKeyId":31,"accountSyncCounter":1,"accountSettings":{"unarchiveChats":false},"account":{"details":"CMPZiL4DEJfcyp8GGAQ=","accountSignatureKey":"AjRm2tnn7bQcYUZiKuORNZEbmjM8LEQiTZ32hfAqqHo=","accountSignature":"6a/gVSMP+UkFZoIuze866C4oUMisUhhSG4egaeMuWtcUc0xZOp7TIbqYnso8JspC6gDDAOakE+9saQE7UYUWAw==","deviceSignature":"MQtIG1vm3GAu8d1sjoKm5lssiDftRMSzanKoX9aaphHWSYWxd+otpeSVjkn5Zf3SoPKinlq9IZ1HBCrIS/HFDA=="},"me":{"id":"556285170518:28@s.whatsapp.net","name":"Hunter The Craft Bot"},"signalIdentities":[{"identifier":{"name":"556285170518:28@s.whatsapp.net","deviceId":0},"identifierKey":{"type":"Buffer","data":"BQI0ZtrZ5+20HGFGYirjkTWRG5ozPCxEIk2d9oXwKqh6"}}],"platform":"smba","lastAccountSyncTimestamp":1676848667,"myAppStateKeyId":"AAAAAJwW"}