{"_sessions":{"BcA9YJ6j2Jhqpjy1R/fmxPDO0SSsWYrUWxAbCdCGT2Zw":{"registrationId":704297324,"currentRatchet":{"ephemeralKeyPair":{"pubKey":"BTRXzE/y4uIXtyK5M32PFqYjfqtpTiDHQ4QXpdyd8SZt","privKey":"WOJasn7YBagk+9JF76JNPCMtRzE6GfZHw1YC5NmQ+m8="},"lastRemoteEphemeralKey":"BUfnB2LNu3BZDsa5K2iHC/o3DRrKVuis9mMO4P16bp1c","previousCounter":0,"rootKey":"uh7bYyxPMOqs3loJ5hIhEzgUoCICMeyyHEymjrAPLbY="},"indexInfo":{"baseKey":"BcA9YJ6j2Jhqpjy1R/fmxPDO0SSsWYrUWxAbCdCGT2Zw","baseKeyType":2,"closed":-1,"used":1676848666814,"created":1676848666814,"remoteIdentityKey":"BQI0ZtrZ5+20HGFGYirjkTWRG5ozPCxEIk2d9oXwKqh6"},"_chains":{"BUfnB2LNu3BZDsa5K2iHC/o3DRrKVuis9mMO4P16bp1c":{"chainKey":{"counter":6,"key":"VNZdXSqL9EFy9ssp+d5ucIz2duvDAbp16T9Jw8haqbw="},"chainType":2,"messageKeys":{}},"BTRXzE/y4uIXtyK5M32PFqYjfqtpTiDHQ4QXpdyd8SZt":{"chainKey":{"counter":-1,"key":"34gUGLA1oviwiEXo4axsLhZ7pLOAM/y2dXoTHybv0j4="},"chainType":1,"messageKeys":{}}}}},"version":"v1"}