{"_sessions":{"BRL28m/RY94GDVdnL88hh9gTQ/CoFZObudP/+1dqirVR":{"registrationId":1434281339,"currentRatchet":{"ephemeralKeyPair":{"pubKey":"BcURvM+xvFc3P1NJuyYC0SbGrEiGuII5S2SoZsRPszpe","privKey":"uEkKeYJ7upBKPtQ0Z8sneVRELM1VwkjpGAWd5hI8mGM="},"lastRemoteEphemeralKey":"BbVcSuKHpJBreVgjcK5gly8UgNp03OPEmsHvBwf9RsNx","previousCounter":0,"rootKey":"Y+r9I1d732up0fXvV/0bDYjx142guXKnYjRIvKvxxNg="},"indexInfo":{"baseKey":"BRL28m/RY94GDVdnL88hh9gTQ/CoFZObudP/+1dqirVR","baseKeyType":2,"closed":-1,"used":1676848682640,"created":1676848682640,"remoteIdentityKey":"BWBPaHmty3F7xqyc6DuHB/T+ZOjDKP8IMqSaC+MON6YQ"},"_chains":{"BbVcSuKHpJBreVgjcK5gly8UgNp03OPEmsHvBwf9RsNx":{"chainKey":{"counter":0,"key":"KMmxB98KuT0uIkvbfHJjEgLQLJVIPG6aZq7eVsuzybE="},"chainType":2,"messageKeys":{}},"BcURvM+xvFc3P1NJuyYC0SbGrEiGuII5S2SoZsRPszpe":{"chainKey":{"counter":-1,"key":"w5zrLBtCEhwmUCGmx+9J5oYG5E7zzSiarR2nOGFYbSY="},"chainType":1,"messageKeys":{}}}}},"version":"v1"}