{"_sessions":{"Bf8ldnSg3QGH+Z/IiDrZDXx8lmKTBVqJu/fbmQgKvOJn":{"registrationId":782003535,"currentRatchet":{"ephemeralKeyPair":{"pubKey":"Bb0Hd1gv8BpiACQTdiG7RMJo21JGqHlgCn6QffpR5lEr","privKey":"EOQgD3aeT5Cj2BFOOLZlGGRbW8yoExGEAJKf1xLdUmA="},"lastRemoteEphemeralKey":"BQhj0dsAOViYj54cNMH+CQKAnIFP1h+LtPCabCjL0Z4H","previousCounter":0,"rootKey":"qbpVlIa4rLxQ31ENHEjN7qT3o8U+/LQfvDSJZ7RRPpg="},"indexInfo":{"baseKey":"Bf8ldnSg3QGH+Z/IiDrZDXx8lmKTBVqJu/fbmQgKvOJn","baseKeyType":2,"closed":-1,"used":1676848690242,"created":1676848690242,"remoteIdentityKey":"BW/23rZdT21nlkBdzDQbd6QJJEo55NDIkllQDg2jncIq"},"_chains":{"BQhj0dsAOViYj54cNMH+CQKAnIFP1h+LtPCabCjL0Z4H":{"chainKey":{"counter":0,"key":"oIEaRPFd39k1qQ2+X2cZ1RdHEVG5s4MixvFMeCEiTwA="},"chainType":2,"messageKeys":{}},"Bb0Hd1gv8BpiACQTdiG7RMJo21JGqHlgCn6QffpR5lEr":{"chainKey":{"counter":-1,"key":"6+KFBX5lq28d1lkcBpETaNWJsv1wlH8BfGoPFHMSh1k="},"chainType":1,"messageKeys":{}}}}},"version":"v1"}